X,Y:Acc_TX-Body1-Model1(m/s^2),Y:Acc_TY-Body1-Model1(m/s^2),Y:Acc_TZ-Body1-Model1(m/s^2)
0,0,-3.1104878,0
0.001013,-2.98E-05,-3.1104878,0
0.002037,-0.000120437,-3.1104878,0
0.003061,-0.00027196,-3.1104878,0
0.004085,-0.000484353,-3.1104878,0
0.005109,-0.000757618,-3.1104877,0
0.006133,-0.001091753,-3.1104877,0
0.007157,-0.001486758,-3.1104876,0
0.008181,-0.001942634,-3.1104874,0
0.009205,-0.002459381,-3.1104871,0
0.010229,-0.003036999,-3.1104868,0
0.011253,-0.003675487,-3.1104863,0
0.012253,-0.004357757,-3.1104857,0
0.013253,-0.005098079,-3.1104849,0
0.014253,-0.005896451,-3.110484,0
0.015253,-0.006752874,-3.1104827,0
0.016253,-0.007667347,-3.1104813,0
0.017253,-0.00863987,-3.1104795,0
0.018253,-0.009670443,-3.1104774,0
0.019253,-0.010759067,-3.1104749,0
0.020253,-0.01190574,-3.1104719,0
0.021253,-0.013110463,-3.1104685,0
0.022253,-0.014373236,-3.1104646,0
0.023253,-0.015694057,-3.1104601,0
0.024253,-0.017072927,-3.110455,0
0.025253,-0.018509846,-3.1104492,0
0.026253,-0.020004812,-3.1104427,0
0.027253,-0.021557826,-3.1104353,0
0.028253,-0.023168887,-3.1104271,0
0.029253,-0.024837994,-3.110418,0
0.030253,-0.026565147,-3.1104079,0
0.031253,-0.028350345,-3.1103968,0
0.032253,-0.030193586,-3.1103845,0
0.033253,-0.032094871,-3.110371,0
0.034253,-0.034054198,-3.1103562,0
0.035253,-0.036071566,-3.11034,0
0.036253,-0.038146974,-3.1103224,0
0.037253,-0.040280421,-3.1103033,0
0.038253,-0.042471904,-3.1102826,0
0.039253,-0.044721423,-3.1102602,0
0.040253,-0.047028976,-3.1102359,0
0.041253,-0.049394561,-3.1102098,0
0.042253,-0.051818177,-3.1101817,0
0.043253,-0.05429982,-3.1101516,0
0.044253,-0.05683949,-3.1101193,0
0.045253,-0.059437182,-3.1100846,0
0.046253,-0.062092896,-3.1100476,0
0.047253,-0.064806628,-3.1100082,0
0.048253,-0.067578375,-3.1099661,0
0.049253,-0.070408135,-3.1099213,0
0.050253,-0.073295903,-3.1098736,0
0.051253,-0.076241677,-3.1098231,0
0.052253,-0.079245452,-3.1097695,0
0.053253,-0.082307224,-3.1097126,0
0.054253,-0.08542699,-3.1096525,0
0.055253,-0.088604745,-3.109589,0
0.056253,-0.091840485,-3.1095219,0
0.057253,-0.095134203,-3.1094511,0
0.058253,-0.098485896,-3.1093765,0
0.059253,-0.10189556,-3.1092979,0
0.060253,-0.10536318,-3.1092152,0
0.061253,-0.10888876,-3.1091283,0
0.062253,-0.11247229,-3.1090371,0
0.063253,-0.11611377,-3.1089413,0
0.064253,-0.11981318,-3.1088408,0
0.065253,-0.12357052,-3.1087355,0
0.066253,-0.12738578,-3.1086253,0
0.067253,-0.13125895,-3.1085099,0
0.068253,-0.13519003,-3.1083892,0
0.069253,-0.139179,-3.1082631,0
0.070253,-0.14322586,-3.1081315,0
0.071253,-0.1473306,-3.107994,0
0.072253,-0.1514932,-3.1078506,0
0.073253,-0.15571366,-3.1077012,0
0.074253,-0.15999196,-3.1075454,0
0.075253,-0.16432809,-3.1073833,0
0.076253,-0.16872205,-3.1072145,0
0.077253,-0.17317381,-3.1070389,0
0.078253,-0.17768338,-3.1068564,0
0.079253,-0.18225072,-3.1066667,0
0.080253,-0.18687583,-3.1064696,0
0.081253,-0.19155869,-3.1062651,0
0.082253,-0.1962993,-3.1060528,0
0.083253,-0.20109762,-3.1058327,0
0.084253,-0.20595366,-3.1056044,0
0.085253,-0.21086738,-3.1053679,0
0.086253,-0.21583877,-3.1051229,0
0.087253,-0.22086782,-3.1048692,0
0.088253,-0.22595451,-3.1046066,0
0.089253,-0.2310988,-3.1043349,0
0.090253,-0.2363007,-3.1040538,0
0.091253,-0.24156017,-3.1037633,0
0.092253,-0.2468772,-3.1034631,0
0.093253,-0.25225175,-3.1031529,0
0.094253,-0.25768381,-3.1028326,0
0.095253,-0.26317336,-3.1025019,0
0.096253,-0.26872037,-3.1021606,0
0.097253,-0.27432482,-3.1018085,0
0.098253,-0.27998667,-3.1014453,0
0.099253,-0.28570591,-3.1010709,0
0.100253,-0.2914825,-3.100685,0
0.101253,-0.29731642,-3.1002873,0
0.102253,-0.30320763,-3.0998777,0
0.103253,-0.30915611,-3.0994559,0
0.104253,-0.31516183,-3.0990216,0
0.105253,-0.32122475,-3.0985746,0
0.106253,-0.32734484,-3.0981148,0
0.107253,-0.33352207,-3.0976417,0
0.108253,-0.33975639,-3.0971552,0
0.109253,-0.34604779,-3.0966551,0
0.110253,-0.35239621,-3.096141,0
0.111253,-0.35880163,-3.0956128,0
0.112253,-0.36526399,-3.0950701,0
0.113253,-0.37178327,-3.0945127,0
0.114253,-0.37835942,-3.0939403,0
0.115253,-0.3849924,-3.0933528,0
0.116253,-0.39168216,-3.0927497,0
0.117253,-0.39842866,-3.0921309,0
0.118253,-0.40523186,-3.0914961,0
0.119253,-0.41209171,-3.090845,0
0.120253,-0.41900816,-3.0901773,0
0.121253,-0.42598116,-3.0894927,0
0.122253,-0.43301066,-3.0887911,0
0.123253,-0.44009661,-3.088072,0
0.124253,-0.44723895,-3.0873352,0
0.125253,-0.45443764,-3.0865805,0
0.126253,-0.46169261,-3.0858074,0
0.127253,-0.46900381,-3.0850159,0
0.128253,-0.47637119,-3.0842055,0
0.129253,-0.48379467,-3.0833759,0
0.130253,-0.49127421,-3.0825269,0
0.131253,-0.49880973,-3.0816582,0
0.132253,-0.50640118,-3.0807694,0
0.133253,-0.51404848,-3.0798603,0
0.134253,-0.52175158,-3.0789306,0
0.135253,-0.5295104,-3.0779799,0
0.136253,-0.53732487,-3.0770079,0
0.137253,-0.54519492,-3.0760144,0
0.138253,-0.55312049,-3.074999,0
0.139253,-0.56110148,-3.0739614,0
0.140253,-0.56913784,-3.0729013,0
0.141253,-0.57722947,-3.0718184,0
0.142253,-0.58537631,-3.0707123,0
0.143253,-0.59357826,-3.0695827,0
0.144253,-0.60183525,-3.0684294,0
0.145253,-0.61014719,-3.0672519,0
0.146253,-0.61851399,-3.0660499,0
0.147253,-0.62693558,-3.0648232,0
0.148253,-0.63541184,-3.0635713,0
0.149253,-0.64394271,-3.062294,0
0.150253,-0.65252807,-3.0609909,0
0.151253,-0.66116784,-3.0596617,0
0.152253,-0.66986191,-3.058306,0
0.153253,-0.6786102,-3.0569234,0
0.154253,-0.68741259,-3.0555138,0
0.155253,-0.69626898,-3.0540766,0
0.156253,-0.70517927,-3.0526115,0
0.157253,-0.71414336,-3.0511183,0
0.158253,-0.72316112,-3.0495965,0
0.159253,-0.73223245,-3.0480458,0
0.160253,-0.74135725,-3.0464658,0
0.161253,-0.75053538,-3.0448563,0
0.162253,-0.75976673,-3.0432167,0
0.163253,-0.76905119,-3.0415468,0
0.164253,-0.77838863,-3.0398462,0
0.165253,-0.78777892,-3.0381145,0
0.166253,-0.79722195,-3.0363514,0
0.167253,-0.80671757,-3.0345565,0
0.168253,-0.81626566,-3.0327294,0
0.169253,-0.8258661,-3.0308697,0
0.170253,-0.83551873,-3.0289772,0
0.171253,-0.84522342,-3.0270513,0
0.172253,-0.85498003,-3.0250918,0
0.173253,-0.86478843,-3.0230983,0
0.174253,-0.87464846,-3.0210703,0
0.175253,-0.88455997,-3.0190075,0
0.176253,-0.89452281,-3.0169095,0
0.177253,-0.90453684,-3.014776,0
0.178253,-0.9146019,-3.0126065,0
0.179253,-0.92471782,-3.0104006,0
0.180253,-0.93488445,-3.0081581,0
0.181253,-0.94510163,-3.0058783,0
0.182253,-0.95536919,-3.0035611,0
0.183253,-0.96568695,-3.001206,0
0.184253,-0.97605475,-2.9988125,0
0.185253,-0.98647242,-2.9963804,0
0.186253,-0.99693978,-2.9939092,0
0.187253,-1.0074566,-2.9913984,0
0.188253,-1.0180228,-2.9888478,0
0.189253,-1.0286382,-2.9862569,0
0.190253,-1.0393025,-2.9836252,0
0.191253,-1.0500155,-2.9809525,0
0.192253,-1.0607771,-2.9782382,0
0.193253,-1.0715871,-2.975482,0
0.194253,-1.0824453,-2.9726836,0
0.195253,-1.0933514,-2.9698423,0
0.196253,-1.1043053,-2.9669579,0
0.197253,-1.1153068,-2.96403,0
0.198253,-1.1263556,-2.9610581,0
0.199253,-1.1374515,-2.9580418,0
0.200253,-1.1485943,-2.9549807,0
0.201253,-1.1597839,-2.9518745,0
0.202253,-1.1710198,-2.9487225,0
0.203253,-1.1823021,-2.9455246,0
0.204253,-1.1936303,-2.9422801,0
0.205253,-1.2050043,-2.9389888,0
0.206253,-1.2164239,-2.9356502,0
0.207253,-1.2278887,-2.9322638,0
0.208253,-1.2393986,-2.9288293,0
0.209253,-1.2509533,-2.9253462,0
0.210253,-1.2625526,-2.9218142,0
0.211253,-1.2741962,-2.9182327,0
0.212253,-1.2858838,-2.9146013,0
0.213253,-1.2976152,-2.9109197,0
0.214253,-1.3093901,-2.9071874,0
0.215253,-1.3212082,-2.9034039,0
0.216253,-1.3330694,-2.8995689,0
0.217253,-1.3449732,-2.895682,0
0.218253,-1.3569195,-2.8917425,0
0.219253,-1.368908,-2.8877503,0
0.220253,-1.3809382,-2.8837048,0
0.221253,-1.3930101,-2.8796055,0
0.222253,-1.4051233,-2.8754522,0
0.223253,-1.4172774,-2.8712442,0
0.224253,-1.4294722,-2.8669813,0
0.225253,-1.4417074,-2.8626629,0
0.226253,-1.4539826,-2.8582887,0
0.227253,-1.4662977,-2.8538581,0
0.228253,-1.4786521,-2.8493709,0
0.229253,-1.4910457,-2.8448264,0
0.230253,-1.5034781,-2.8402244,0
0.231253,-1.515949,-2.8355643,0
0.232253,-1.5284581,-2.8308457,0
0.233253,-1.5410049,-2.8260683,0
0.234253,-1.5535892,-2.8212315,0
0.235253,-1.5662107,-2.8163349,0
0.236253,-1.5788689,-2.8113781,0
0.237253,-1.5915636,-2.8063607,0
0.238253,-1.6042943,-2.8012822,0
0.239253,-1.6170608,-2.7961422,0
0.240253,-1.6298627,-2.7909402,0
0.241253,-1.6426995,-2.7856759,0
0.242253,-1.655571,-2.7803488,0
0.243253,-1.6684767,-2.7749584,0
0.244253,-1.6814162,-2.7695044,0
0.245253,-1.6943893,-2.7639862,0
0.246253,-1.7073955,-2.7584035,0
0.247253,-1.7204344,-2.7527558,0
0.248253,-1.7335056,-2.7470428,0
0.249253,-1.7466087,-2.7412639,0
0.250253,-1.7597433,-2.7354187,0
0.251253,-1.7729091,-2.7295069,0
0.252253,-1.7861055,-2.7235279,0
0.253253,-1.7993322,-2.7174814,0
0.254253,-1.8125888,-2.7113669,0
0.255253,-1.8258748,-2.705184,0
0.256253,-1.8391897,-2.6989323,0
0.257253,-1.8525333,-2.6926114,0
0.258253,-1.865905,-2.6862207,0
0.259253,-1.8793043,-2.67976,0
0.260253,-1.8927309,-2.6732288,0
0.261253,-1.9061843,-2.6666266,0
0.262253,-1.919664,-2.6599531,0
0.263253,-1.9331696,-2.6532078,0
0.264253,-1.9467006,-2.6463903,0
0.265253,-1.9602565,-2.6395002,0
0.266253,-1.9738369,-2.6325371,0
0.267253,-1.9874413,-2.6255006,0
0.268253,-2.0010692,-2.6183902,0
0.269253,-2.01472,-2.6112056,0
0.270253,-2.0283934,-2.6039463,0
0.271253,-2.0420889,-2.596612,0
0.272253,-2.0558058,-2.5892022,0
0.273253,-2.0695438,-2.5817165,0
0.274253,-2.0833022,-2.5741545,0
0.275253,-2.0970807,-2.5665159,0
0.276253,-2.1108786,-2.5588001,0
0.277253,-2.1246955,-2.5510069,0
0.278253,-2.1385308,-2.5431359,0
0.279253,-2.152384,-2.5351866,0
0.280253,-2.1662546,-2.5271586,0
0.281253,-2.1801419,-2.5190516,0
0.282253,-2.1940455,-2.5108652,0
0.283253,-2.2079649,-2.502599,0
0.284253,-2.2218993,-2.4942526,0
0.285253,-2.2358484,-2.4858256,0
0.286253,-2.2498115,-2.4773177,0
0.287253,-2.2637881,-2.4687284,0
0.288253,-2.2777775,-2.4600575,0
0.289253,-2.2917792,-2.4513045,0
0.290253,-2.3057927,-2.4424691,0
0.291253,-2.3198173,-2.4335509,0
0.292253,-2.3338524,-2.4245496,0
0.293253,-2.3478974,-2.4154647,0
0.294253,-2.3619518,-2.406296,0
0.295253,-2.376015,-2.397043,0
0.296253,-2.3900862,-2.3877055,0
0.297253,-2.4041649,-2.378283,0
0.298253,-2.4182505,-2.3687753,0
0.299253,-2.4323424,-2.359182,0
0.300253,-2.4464399,-2.3495027,0
0.301253,-2.4605424,-2.3397372,0
0.302253,-2.4746492,-2.329885,0
0.303253,-2.4887597,-2.319946,0
0.304253,-2.5028733,-2.3099196,0
0.305253,-2.5169893,-2.2998057,0
0.306253,-2.531107,-2.2896038,0
0.307253,-2.5452258,-2.2793138,0
0.308253,-2.559345,-2.2689352,0
0.309253,-2.5734639,-2.2584678,0
0.310253,-2.5875819,-2.2479112,0
0.311253,-2.6016983,-2.2372652,0
0.312253,-2.6158124,-2.2265294,0
0.313253,-2.6299235,-2.2157037,0
0.314253,-2.6440309,-2.2047876,0
0.315253,-2.6581339,-2.1937809,0
0.316253,-2.6722318,-2.1826833,0
0.317253,-2.6863239,-2.1714946,0
0.318253,-2.7004095,-2.1602144,0
0.319253,-2.7144878,-2.1488426,0
0.320253,-2.7285583,-2.1373788,0
0.321253,-2.74262,-2.1258227,0
0.322253,-2.7566723,-2.1141742,0
0.323253,-2.7707145,-2.102433,0
0.324253,-2.7847458,-2.0905988,0
0.325253,-2.7987655,-2.0786714,0
0.326253,-2.8127728,-2.0666506,0
0.327253,-2.8267669,-2.054536,0
0.328253,-2.8407472,-2.0423276,0
0.329253,-2.8547129,-2.0300251,0
0.330253,-2.8686631,-2.0176282,0
0.331253,-2.8825972,-2.0051367,0
0.332253,-2.8965143,-1.9925506,0
0.333253,-2.9104137,-1.9798694,0
0.334253,-2.9242946,-1.9670931,0
0.335253,-2.9381561,-1.9542214,0
0.336253,-2.9519976,-1.9412542,0
0.337253,-2.9658183,-1.9281913,0
0.338253,-2.9796172,-1.9150326,0
0.339253,-2.9933937,-1.9017777,0
0.340253,-3.0071469,-1.8884266,0
0.341253,-3.020876,-1.8749792,0
0.342253,-3.0345802,-1.8614352,0
0.343253,-3.0482587,-1.8477946,0
0.344253,-3.0619106,-1.8340571,0
0.345253,-3.0755352,-1.8202227,0
0.346253,-3.0891316,-1.8062911,0
0.347253,-3.1026989,-1.7922624,0
0.348253,-3.1162364,-1.7781364,0
0.349253,-3.1297432,-1.7639129,0
0.350253,-3.1432184,-1.7495919,0
0.351253,-3.1566613,-1.7351732,0
0.352253,-3.1700709,-1.7206568,0
0.353253,-3.1834464,-1.7060426,0
0.354253,-3.196787,-1.6913304,0
0.355253,-3.2100917,-1.6765203,0
0.356253,-3.2233598,-1.6616122,0
0.357253,-3.2365903,-1.646606,0
0.358253,-3.2497824,-1.6315016,0
0.359253,-3.2629352,-1.616299,0
0.360253,-3.2760479,-1.6009981,0
0.361253,-3.2891195,-1.585599,0
0.362253,-3.3021492,-1.5701016,0
0.363253,-3.3151361,-1.5545058,0
0.364253,-3.3280793,-1.5388117,0
0.365253,-3.3409779,-1.5230193,0
0.366253,-3.353831,-1.5071285,0
0.367253,-3.3666377,-1.4911394,0
0.368253,-3.3793972,-1.475052,0
0.369253,-3.3921084,-1.4588662,0
0.370253,-3.4047706,-1.4425822,0
0.371253,-3.4173827,-1.4262,0
0.372253,-3.429944,-1.4097196,0
0.373253,-3.4424534,-1.393141,0
0.374253,-3.4549101,-1.3764644,0
0.375253,-3.4673131,-1.3596897,0
0.376253,-3.4796616,-1.3428171,0
0.377253,-3.4919545,-1.3258467,0
0.378253,-3.5041911,-1.3087785,0
0.379253,-3.5163702,-1.2916126,0
0.380253,-3.5284911,-1.2743492,0
0.381253,-3.5405528,-1.2569883,0
0.382253,-3.5525544,-1.2395301,0
0.383253,-3.5644949,-1.2219747,0
0.384253,-3.5763733,-1.2043222,0
0.385253,-3.5881888,-1.1865728,0
0.386253,-3.5999404,-1.1687266,0
0.387253,-3.6116272,-1.1507838,0
0.388253,-3.6232482,-1.1327446,0
0.389253,-3.6348025,-1.1146091,0
0.390253,-3.6462891,-1.0963776,0
0.391253,-3.6577071,-1.0780502,0
0.392253,-3.6690556,-1.0596271,0
0.393253,-3.6803335,-1.0411085,0
0.394253,-3.69154,-1.0224946,0
0.395253,-3.7026741,-1.0037858,0
0.396253,-3.7137347,-0.98498214,0
0.397253,-3.7247211,-0.96608395,0
0.398253,-3.7356322,-0.94709147,0
0.399253,-3.7464671,-0.92800496,0
0.400253,-3.7572248,-0.90882468,0
0.401253,-3.7679043,-0.88955093,0
0.402253,-3.7785048,-0.87018397,0
0.403253,-3.7890251,-0.85072412,0
0.404253,-3.7994645,-0.83117167,0
0.405253,-3.8098219,-0.81152694,0
0.406253,-3.8200964,-0.79179025,0
0.407253,-3.8302869,-0.77196193,0
0.408253,-3.8403927,-0.75204232,0
0.409253,-3.8504126,-0.73203177,0
0.410253,-3.8603458,-0.71193064,0
0.411253,-3.8701912,-0.6917393,0
0.412253,-3.8799479,-0.67145812,0
0.413253,-3.8896151,-0.65108748,0
0.414253,-3.8991916,-0.63062778,0
0.415253,-3.9086765,-0.61007943,0
0.416253,-3.918069,-0.58944283,0
0.417253,-3.927368,-0.5687184,0
0.418253,-3.9365726,-0.54790659,0
0.419253,-3.9456818,-0.52700782,0
0.420253,-3.9546947,-0.50602254,0
0.421253,-3.9636103,-0.48495122,0
0.422253,-3.9724276,-0.46379432,0
0.423253,-3.9811459,-0.44255232,0
0.424253,-3.9897639,-0.4212257,0
0.425253,-3.998281,-0.39981495,0
0.426253,-4.006696,-0.37832059,0
0.427253,-4.015008,-0.35674313,0
0.428253,-4.0232161,-0.33508308,0
0.429253,-4.0313195,-0.31334098,0
0.430253,-4.039317,-0.29151738,0
0.431253,-4.0472078,-0.26961282,0
0.432253,-4.054991,-0.24762787,0
0.433253,-4.0626656,-0.22556309,0
0.434253,-4.0702307,-0.20341906,0
0.435253,-4.0776853,-0.18119638,0
0.436253,-4.0850286,-0.15889564,0
0.437253,-4.0922596,-0.13651744,0
0.438253,-4.0993774,-0.11406241,0
0.439253,-4.1063811,-0.091531169,0
0.440253,-4.1132698,-0.068924355,0
0.441253,-4.1200425,-0.046242612,0
0.442253,-4.1266983,-0.023486595,0
0.443253,-4.1332365,-0.000656967,0
0.444253,-4.1396559,0.022245598,0
0.445253,-4.1459558,0.045220416,0
0.446253,-4.1521352,0.068266797,0
0.447253,-4.1581933,0.091384039,0
0.448253,-4.1641292,0.11457143,0
0.449253,-4.1699419,0.13782825,0
0.450253,-4.1756307,0.16115377,0
0.451253,-4.1811946,0.18454726,0
0.452253,-4.1866327,0.20800795,0
0.453253,-4.1919442,0.2315351,0
0.454253,-4.1971282,0.25512794,0
0.455253,-4.2021839,0.27878569,0
0.456253,-4.2071104,0.30250756,0
0.457253,-4.2119069,0.32629277,0
0.458253,-4.2165725,0.35014051,0
0.459253,-4.2211063,0.37404995,0
0.460253,-4.2255075,0.39802029,0
0.461253,-4.2297754,0.42205069,0
0.462253,-4.233909,0.44614031,0
0.463253,-4.2379076,0.4702883,0
0.464253,-4.2417702,0.49449379,0
0.465253,-4.2454962,0.51875593,0
0.466253,-4.2490847,0.54307383,0
0.467253,-4.252535,0.56744661,0
0.468253,-4.2558461,0.59187337,0
0.469253,-4.2590173,0.61635321,0
0.470253,-4.2620479,0.64088521,0
0.471253,-4.2649371,0.66546846,0
0.472253,-4.267684,0.69010201,0
0.473253,-4.270288,0.71478494,0
0.474253,-4.2727482,0.73951629,0
0.475253,-4.275064,0.7642951,0
0.476253,-4.2772344,0.78912041,0
0.477253,-4.279259,0.81399125,0
0.478253,-4.2811368,0.83890662,0
0.479253,-4.2828671,0.86386554,0
0.480253,-4.2844493,0.88886701,0
0.481253,-4.2858826,0.91391001,0
0.482253,-4.2871664,0.93899353,0
0.483253,-4.2882998,0.96411655,0
0.484253,-4.2892823,0.98927802,0
0.485253,-4.2901131,1.0144769,0
0.486253,-4.2907916,1.0397122,0
0.487253,-4.2913171,1.0649827,0
0.488253,-4.2916889,1.0902875,0
0.489253,-4.2919063,1.1156255,0
0.490253,-4.2919688,1.1409955,0
0.491253,-4.2918757,1.1663965,0
0.492253,-4.2916263,1.1918274,0
0.493253,-4.2912201,1.2172871,0
0.494253,-4.2906563,1.2427744,0
0.495253,-4.2899345,1.2682883,0
0.496253,-4.289054,1.2938276,0
0.497253,-4.2880141,1.3193911,0
0.498253,-4.2868145,1.3449778,0
0.499253,-4.2854543,1.3705864,0
0.500253,-4.2839332,1.3962158,0
0.501253,-4.2822505,1.4218649,0
0.502253,-4.2804057,1.4475324,0
0.503253,-4.2783982,1.4732173,0
0.504253,-4.2762276,1.4989181,0
0.505253,-4.2738932,1.5246339,0
0.506253,-4.2713946,1.5503634,0
0.507253,-4.2687314,1.5761053,0
0.508253,-4.2659029,1.6018585,0
0.509253,-4.2629087,1.6276218,0
0.510253,-4.2597484,1.6533938,0
0.511253,-4.2564214,1.6791733,0
0.512253,-4.2529274,1.7049592,0
0.513253,-4.2492658,1.7307502,0
0.514253,-4.2454363,1.7565449,0
0.515253,-4.2414384,1.7823422,0
0.516253,-4.2372717,1.8081407,0
0.517253,-4.2329358,1.8339392,0
0.518253,-4.2284302,1.8597365,0
0.519253,-4.2237548,1.8855311,0
0.520253,-4.2189089,1.9113219,0
0.521253,-4.2138924,1.9371075,0
0.522253,-4.2087047,1.9628865,0
0.523253,-4.2033457,1.9886578,0
0.524253,-4.197815,2.01442,0
0.525253,-4.1921121,2.0401717,0
0.526253,-4.1862369,2.0659117,0
0.527253,-4.1801891,2.0916385,0
0.528253,-4.1739683,2.1173509,0
0.529253,-4.1675742,2.1430475,0
0.530253,-4.1610067,2.168727,0
0.531253,-4.1542654,2.194388,0
0.532253,-4.1473501,2.2200291,0
0.533253,-4.1402606,2.245649,0
0.534253,-4.1329967,2.2712463,0
0.535253,-4.1255581,2.2968197,0
0.536253,-4.1179447,2.3223677,0
0.537253,-4.1101563,2.3478891,0
0.538253,-4.1021926,2.3733823,0
0.539253,-4.0940536,2.398846,0
0.540253,-4.0857391,2.4242788,0
0.541253,-4.0772489,2.4496794,0
0.542253,-4.068583,2.4750462,0
0.543253,-4.0597411,2.500378,0
0.544253,-4.0507233,2.5256733,0
0.545253,-4.0415294,2.5509307,0
0.546253,-4.0321594,2.5761487,0
0.547253,-4.0226131,2.601326,0
0.548253,-4.0128906,2.6264612,0
0.549253,-4.0029917,2.6515527,0
0.550253,-3.9929166,2.6765993,0
0.551253,-3.982665,2.7015994,0
0.552253,-3.9722371,2.7265516,0
0.553253,-3.9616329,2.7514545,0
0.554253,-3.9508524,2.7763066,0
0.555253,-3.9398955,2.8011066,0
0.556253,-3.9287625,2.825853,0
0.557253,-3.9174532,2.8505442,0
0.558253,-3.9059678,2.875179,0
0.559253,-3.8943065,2.8997558,0
0.560253,-3.8824692,2.9242731,0
0.561253,-3.8704561,2.9487296,0
0.562253,-3.8582673,2.9731238,0
0.563253,-3.845903,2.9974542,0
0.564253,-3.8333634,3.0217194,0
0.565253,-3.8206485,3.045918,0
0.566253,-3.8077585,3.0700483,0
0.567253,-3.7946937,3.0941091,0
0.568253,-3.7814542,3.1180989,0
0.569253,-3.7680404,3.1420161,0
0.570253,-3.7544523,3.1658594,0
0.571253,-3.7406902,3.1896272,0
0.572253,-3.7267545,3.2133182,0
0.573253,-3.7126453,3.2369308,0
0.574253,-3.698363,3.2604637,0
0.575253,-3.6839079,3.2839152,0
0.576253,-3.6692802,3.3072841,0
0.577253,-3.6544803,3.3305688,0
0.578253,-3.6395086,3.3537679,0
0.579253,-3.6243653,3.3768799,0
0.580253,-3.6090509,3.3999033,0
0.581253,-3.5935657,3.4228368,0
0.582253,-3.5779101,3.4456788,0
0.583253,-3.5620845,3.4684279,0
0.584253,-3.5460894,3.4910827,0
0.585253,-3.5299251,3.5136417,0
0.586253,-3.5135922,3.5361035,0
0.587253,-3.4970911,3.5584666,0
0.588253,-3.4804222,3.5807296,0
0.589253,-3.463586,3.602891,0
0.590253,-3.4465831,3.6249494,0
0.591253,-3.4294139,3.6469034,0
0.592253,-3.4120791,3.6687515,0
0.593253,-3.394579,3.6904924,0
0.594253,-3.3769144,3.7121245,0
0.595253,-3.3590857,3.7336465,0
0.596253,-3.3410935,3.7550569,0
0.597253,-3.3229384,3.7763543,0
0.598253,-3.3046211,3.7975374,0
0.599253,-3.2861422,3.8186046,0
0.600253,-3.2675022,3.8395547,0
0.601253,-3.2487019,3.8603861,0
0.602253,-3.2297419,3.8810976,0
0.603253,-3.2106229,3.9016876,0
0.604253,-3.1913456,3.9221549,0
0.605253,-3.1719106,3.942498,0
0.606253,-3.1523187,3.9627155,0
0.607253,-3.1325707,3.9828061,0
0.608253,-3.1126673,4.0027684,0
0.609253,-3.0926092,4.0226011,0
0.610253,-3.0723971,4.0423027,0
0.611253,-3.052032,4.0618719,0
0.612253,-3.0315146,4.0813074,0
0.613253,-3.0108456,4.1006079,0
0.614253,-2.990026,4.1197719,0
0.615253,-2.9690565,4.1387982,0
0.616253,-2.947938,4.1576854,0
0.617253,-2.9266714,4.1764323,0
0.618253,-2.9052576,4.1950374,0
0.619253,-2.8836974,4.2134996,0
0.620253,-2.8619917,4.2318174,0
0.621253,-2.8401415,4.2499896,0
0.622253,-2.8181476,4.2680149,0
0.623253,-2.7960111,4.2858921,0
0.624253,-2.7737329,4.3036198,0
0.625253,-2.7513139,4.3211969,0
0.626253,-2.7287551,4.3386219,0
0.627253,-2.7060575,4.3558938,0
0.628253,-2.6832222,4.3730112,0
0.629253,-2.66025,4.3899729,0
0.630253,-2.6371422,4.4067776,0
0.631253,-2.6138997,4.4234243,0
0.632253,-2.5905235,4.4399116,0
0.633253,-2.5670147,4.4562383,0
0.634253,-2.5433745,4.4724034,0
0.635253,-2.5196038,4.4884055,0
0.636253,-2.4957038,4.5042435,0
0.637253,-2.4716757,4.5199162,0
0.638253,-2.4475205,4.5354225,0
0.639253,-2.4232394,4.5507612,0
0.640253,-2.3988335,4.5659313,0
0.641253,-2.374304,4.5809315,0
0.642253,-2.349652,4.5957607,0
0.643253,-2.3248788,4.6104179,0
0.644253,-2.2999856,4.6249019,0
0.645253,-2.2749735,4.6392117,0
0.646253,-2.2498437,4.6533461,0
0.647253,-2.2245976,4.6673041,0
0.648253,-2.1992363,4.6810846,0
0.649253,-2.1737612,4.6946867,0
0.650253,-2.1481733,4.7081092,0
0.651253,-2.1224741,4.7213511,0
0.652253,-2.0966649,4.7344114,0
0.653253,-2.0707468,4.7472892,0
0.654253,-2.0447212,4.7599833,0
0.655253,-2.0185895,4.7724929,0
0.656253,-1.992353,4.784817,0
0.657253,-1.9660129,4.7969545,0
0.658253,-1.9395707,4.8089047,0
0.659253,-1.9130277,4.8206664,0
0.660253,-1.8863853,4.8322388,0
0.661253,-1.8596448,4.843621,0
0.662253,-1.8328077,4.8548121,0
0.663253,-1.8058753,4.8658113,0
0.664253,-1.778849,4.8766175,0
0.665253,-1.7517303,4.88723,0
0.666253,-1.7245205,4.8976479,0
0.667253,-1.6972211,4.9078704,0
0.668253,-1.6698336,4.9178967,0
0.669253,-1.6423594,4.9277259,0
0.670253,-1.6148,4.9373572,0
0.671253,-1.5871568,4.9467899,0
0.672253,-1.5594313,4.9560233,0
0.673253,-1.5316249,4.9650564,0
0.674253,-1.5037393,4.9738886,0
0.675253,-1.4757758,4.9825193,0
0.676253,-1.4477361,4.9909475,0
0.677253,-1.4196215,4.9991727,0
0.678253,-1.3914337,5.0071942,0
0.679253,-1.3631742,5.0150112,0
0.680253,-1.3348445,5.0226232,0
0.681253,-1.3064461,5.0300294,0
0.682253,-1.2779806,5.0372293,0
0.683253,-1.2494496,5.0442221,0
0.684253,-1.2208547,5.0510075,0
0.685253,-1.1921974,5.0575846,0
0.686253,-1.1634793,5.063953,0
0.687253,-1.1347019,5.0701121,0
0.688253,-1.105867,5.0760614,0
0.689253,-1.076976,5.0818003,0
0.690253,-1.0480306,5.0873282,0
0.691253,-1.0190325,5.0926448,0
0.692253,-0.98998313,5.0977496,0
0.693253,-0.96088423,5.102642,0
0.694253,-0.93173741,5.1073215,0
0.695253,-0.90254429,5.1117879,0
0.696253,-0.87330653,5.1160406,0
0.697253,-0.84402577,5.1200792,0
0.698253,-0.81470365,5.1239034,0
0.699253,-0.78534183,5.1275127,0
0.700253,-0.75594196,5.1309069,0
0.701253,-0.72650572,5.1340855,0
0.702253,-0.69703477,5.1370482,0
0.703253,-0.66753078,5.1397948,0
0.704253,-0.63799543,5.1423248,0
0.705253,-0.60843038,5.1446382,0
0.706253,-0.57883734,5.1467345,0
0.707253,-0.54921798,5.1486135,0
0.708253,-0.51957398,5.150275,0
0.709253,-0.48990705,5.1517188,0
0.710253,-0.46021888,5.1529447,0
0.711253,-0.43051116,5.1539524,0
0.712253,-0.40078559,5.1547419,0
0.713253,-0.37104389,5.155313,0
0.714253,-0.34128774,5.1556655,0
0.715253,-0.31151886,5.1557993,0
0.716253,-0.28173895,5.1557144,0
0.717253,-0.25194973,5.1554106,0
0.718253,-0.22215291,5.1548879,0
0.719253,-0.19235019,5.1541461,0
0.720253,-0.1625433,5.1531854,0
0.721253,-0.13273395,5.1520056,0
0.722253,-0.10292385,5.1506068,0
0.723253,-0.073114716,5.1489889,0
0.724253,-0.04330827,5.1471521,0
0.725253,-0.013506227,5.1450963,0
0.726253,0.016289696,5.1428216,0
0.727253,0.046077782,5.1403282,0
0.728253,0.075856315,5.137616,0
0.729253,0.10562358,5.1346853,0
0.730253,0.13537786,5.1315361,0
0.731253,0.16511744,5.1281686,0
0.732253,0.1948406,5.1245829,0
0.733253,0.22454564,5.1207793,0
0.734253,0.25423085,5.116758,0
0.735253,0.2838945,5.1125191,0
0.736253,0.3135349,5.1080629,0
0.737253,0.34315034,5.1033896,0
0.738253,0.37273911,5.0984995,0
0.739253,0.40229951,5.093393,0
0.740253,0.43182985,5.0880702,0
0.741253,0.46132842,5.0825316,0
0.742253,0.49079353,5.0767773,0
0.743253,0.5202235,5.0708079,0
0.744253,0.54961662,5.0646236,0
0.745253,0.57897122,5.0582249,0
0.746253,0.60828561,5.0516121,0
0.747253,0.63755812,5.0447857,0
0.748253,0.66678708,5.0377461,0
0.749253,0.6959708,5.0304937,0
0.750253,0.72510763,5.023029,0
0.751253,0.75419591,5.0153526,0
0.752253,0.78323397,5.0074648,0
0.753253,0.81222017,4.9993662,0
0.754253,0.84115286,4.9910573,0
0.755253,0.87003039,4.9825388,0
0.756253,0.89885113,4.9738111,0
0.757253,0.92761344,4.9648748,0
0.758253,0.95631571,4.9557305,0
0.759253,0.9849563,4.9463789,0
0.760253,1.0135336,4.9368206,0
0.761253,1.042046,4.9270562,0
0.762253,1.0704919,4.9170863,0
0.763253,1.0988697,4.9069117,0
0.764253,1.1271779,4.8965331,0
0.765253,1.1554147,4.8859511,0
0.766253,1.1835788,4.8751665,0
0.767253,1.2116684,4.86418,0
0.768253,1.239682,4.8529923,0
0.769253,1.2676181,4.8416043,0
0.770253,1.2954752,4.8300168,0
0.771253,1.3232516,4.8182304,0
0.772253,1.3509459,4.8062462,0
0.773253,1.3785565,4.7940647,0
0.774253,1.4060819,4.781687,0
0.775253,1.4335207,4.7691139,0
0.776253,1.4608712,4.7563463,0
0.777253,1.4881321,4.743385,0
0.778253,1.5153019,4.7302309,0
0.779253,1.542379,4.7168851,0
0.780253,1.569362,4.7033483,0
0.781253,1.5962494,4.6896216,0
0.782253,1.6230399,4.6757059,0
0.783253,1.649732,4.6616023,0
0.784253,1.6763242,4.6473116,0
0.785253,1.7028152,4.6328349,0
0.786253,1.7292035,4.6181732,0
0.787253,1.7554877,4.6033276,0
0.788253,1.7816665,4.5882991,0
0.789253,1.8077385,4.5730887,0
0.790253,1.8337023,4.5576976,0
0.791253,1.8595566,4.5421267,0
0.792253,1.8853,4.5263773,0
0.793253,1.9109312,4.5104504,0
0.794253,1.9364489,4.4943472,0
0.795253,1.9618517,4.4780688,0
0.796253,1.9871385,4.4616163,0
0.797253,2.0123078,4.444991,0
0.798253,2.0373584,4.4281939,0
0.799253,2.0622891,4.4112263,0
0.800253,2.0870986,4.3940894,0
0.801253,2.1117857,4.3767843,0
0.802253,2.1363491,4.3593124,0
0.803253,2.1607876,4.3416749,0
0.804253,2.1851001,4.3238729,0
0.805253,2.2092853,4.3059078,0
0.806253,2.2333421,4.2877809,0
0.807253,2.2572693,4.2694933,0
0.808253,2.2810657,4.2510465,0
0.809253,2.3047302,4.2324417,0
0.810253,2.3282618,4.2136802,0
0.811253,2.3516592,4.1947634,0
0.812253,2.3749214,4.1756926,0
0.813253,2.3980473,4.1564691,0
0.814253,2.4210358,4.1370943,0
0.815253,2.4438859,4.1175696,0
0.816253,2.4665965,4.0978963,0
0.817253,2.4891666,4.0780759,0
0.818253,2.5115952,4.0581097,0
0.819253,2.5338813,4.0379991,0
0.820253,2.5560238,4.0177456,0
0.821253,2.5780219,3.9973505,0
0.822253,2.5998745,3.9768154,0
0.823253,2.6215807,3.9561416,0
0.824253,2.6431396,3.9353306,0
0.825253,2.6645503,3.9143839,0
0.826253,2.6858118,3.8933029,0
0.827253,2.7069233,3.8720891,0
0.828253,2.7278838,3.850744,0
0.829253,2.7486927,3.8292691,0
0.830253,2.7693489,3.8076659,0
0.831253,2.7898516,3.7859358,0
0.832253,2.8102001,3.7640805,0
0.833253,2.8303936,3.7421013,0
0.834253,2.8504312,3.72,0
0.835253,2.8703123,3.6977779,0
0.836253,2.8900359,3.6754367,0
0.837253,2.9096015,3.6529778,0
0.838253,2.9290082,3.6304029,0
0.839253,2.9482554,3.6077134,0
0.840253,2.9673424,3.5849111,0
0.841253,2.9862685,3.5619973,0
0.842253,3.005033,3.5389738,0
0.843253,3.0236353,3.5158421,0
0.844253,3.0420747,3.4926038,0
0.845253,3.0603507,3.4692605,0
0.846253,3.0784626,3.4458137,0
0.847253,3.0964099,3.4222652,0
0.848253,3.1141919,3.3986164,0
0.849253,3.1318082,3.3748691,0
0.850253,3.1492582,3.3510248,0
0.851253,3.1665413,3.3270851,0
0.852253,3.1836571,3.3030517,0
0.853253,3.200605,3.2789262,0
0.854253,3.2173847,3.2547103,0
0.855253,3.2339955,3.2304056,0
0.856253,3.2504372,3.2060136,0
0.857253,3.2667092,3.1815362,0
0.858253,3.2828111,3.1569748,0
0.859253,3.2987426,3.1323312,0
0.860253,3.3145033,3.107607,0
0.861253,3.3300927,3.0828039,0
0.862253,3.3455106,3.0579235,0
0.863253,3.3607566,3.0329674,0
0.864253,3.3758304,3.0079374,0
0.865253,3.3907316,2.9828351,0
0.866253,3.4054601,2.9576622,0
0.867253,3.4200155,2.9324202,0
0.868253,3.4343975,2.907111,0
0.869253,3.448606,2.8817361,0
0.870253,3.4626407,2.8562973,0
0.871253,3.4765014,2.8307961,0
0.872253,3.4901878,2.8052343,0
0.873253,3.5036999,2.7796135,0
0.874253,3.5170375,2.7539354,0
0.875253,3.5302003,2.7282017,0
0.876253,3.5431883,2.702414,0
0.877253,3.5560014,2.676574,0
0.878253,3.5686394,2.6506834,0
0.879253,3.5811023,2.6247438,0
0.880253,3.5933899,2.5987569,0
0.881253,3.6055024,2.5727244,0
0.882253,3.6174395,2.5466479,0
0.883253,3.6292012,2.5205291,0
0.884253,3.6407877,2.4943696,0
0.885253,3.6521988,2.4681712,0
0.886253,3.6634346,2.4419354,0
0.887253,3.674495,2.415664,0
0.888253,3.6853803,2.3893586,0
0.889253,3.6960904,2.3630207,0
0.890253,3.7066253,2.3366522,0
0.891253,3.7169853,2.3102546,0
0.892253,3.7271704,2.2838295,0
0.893253,3.7371807,2.2573787,0
0.894253,3.7470163,2.2309037,0
0.895253,3.7566775,2.2044061,0
0.896253,3.7661643,2.1778877,0
0.897253,3.775477,2.15135,0
0.898253,3.7846158,2.1247947,0
0.899253,3.7935807,2.0982234,0
0.900253,3.8023722,2.0716376,0
0.901253,3.8109904,2.0450391,0
0.902253,3.8194355,2.0184294,0
0.903253,3.8277078,1.99181,0
0.904253,3.8358076,1.9651827,0
0.905253,3.8437352,1.938549,0
0.906253,3.8514909,1.9119105,0
0.907253,3.859075,1.8852688,0
0.908253,3.8664879,1.8586254,0
0.909253,3.8737297,1.831982,0
0.910253,3.8808011,1.8053401,0
0.911253,3.8877022,1.7787012,0
0.912253,3.8944335,1.7520669,0
0.913253,3.9009954,1.7254388,0
0.914253,3.9073882,1.6988184,0
0.915253,3.9136124,1.6722073,0
0.916253,3.9196685,1.6456069,0
0.917253,3.9255569,1.6190189,0
0.918253,3.931278,1.5924446,0
0.919253,3.9368322,1.5658857,0
0.920253,3.9422202,1.5393437,0
0.921253,3.9474423,1.51282,0
0.922253,3.9524991,1.4863162,0
0.923253,3.9573911,1.4598337,0
0.924253,3.9621188,1.433374,0
0.925253,3.9666828,1.4069385,0
0.926253,3.9710836,1.3805289,0
0.927253,3.9753217,1.3541464,0
0.928253,3.9793978,1.3277925,0
0.929253,3.9833125,1.3014688,0
0.930253,3.9870662,1.2751766,0
0.931253,3.9906597,1.2489173,0
0.932253,3.9940935,1.2226924,0
0.933253,3.9973683,1.1965032,0
0.934253,4.0004847,1.1703513,0
0.935253,4.0034433,1.1442379,0
0.936253,4.0062448,1.1181645,0
0.937253,4.00889,1.0921324,0
0.938253,4.0113793,1.066143,0
0.939253,4.0137136,1.0401977,0
0.940253,4.0158936,1.0142978,0
0.941253,4.0179199,0.98844465,0
0.942253,4.0197932,0.96263958,0
0.943253,4.0215144,0.93688392,0
0.944253,4.023084,0.91117899,0
0.945253,4.0245029,0.88552609,0
0.946253,4.0257718,0.85992652,0
0.947253,4.0268915,0.83438156,0
0.948253,4.0278627,0.80889249,0
0.949253,4.0286862,0.78346058,0
0.950253,4.0293628,0.75808709,0
0.951253,4.0298933,0.73277327,0
0.952253,4.0302785,0.70752035,0
0.953253,4.0305192,0.68232957,0
0.954253,4.0306162,0.65720215,0
0.955253,4.0305703,0.63213929,0
0.956253,4.0303825,0.6071422,0
0.957253,4.0300534,0.58221206,0
0.958253,4.029584,0.55735005,0
0.959253,4.0289751,0.53255735,0
0.960253,4.0282275,0.50783511,0
0.961253,4.0273422,0.48318449,0
0.962253,4.02632,0.45860662,0
0.963253,4.0251618,0.43410263,0
0.964253,4.0238685,0.40967363,0
0.965253,4.0224409,0.38532074,0
0.966253,4.02088,0.36104506,0
0.967253,4.0191867,0.33684766,0
0.968253,4.0173618,0.31272963,0
0.969253,4.0154064,0.28869203,0
0.970253,4.0133213,0.26473591,0
0.971253,4.0111074,0.24086233,0
0.972253,4.0087656,0.2170723,0
0.973253,4.006297,0.19336687,0
0.974253,4.0037024,0.16974703,0
0.975253,4.0009829,0.14621378,0
0.976253,3.9981393,0.12276813,0
0.977253,3.9951726,0.09941104,0
0.978253,3.9920837,0.076143487,0
0.979253,3.9888737,0.052966426,0
0.980253,3.9855435,0.029880802,0
0.981253,3.982094,0.006887552,0
0.982253,3.9785263,-0.0160124,0
0.983253,3.9748413,-0.038818142,0
0.984253,3.97104,-0.061528772,0
0.985253,3.9671234,-0.084143399,0
0.986253,3.9630925,-0.10666114,0
0.987253,3.9589483,-0.12908113,0
0.988253,3.9546917,-0.15140252,0
0.989253,3.9503239,-0.17362444,0
0.990253,3.9458456,-0.19574608,0
0.991253,3.9412581,-0.2177666,0
0.992253,3.9365622,-0.23968519,0
0.993253,3.9317591,-0.26150106,0
0.994253,3.9268496,-0.2832134,0
0.995253,3.9218348,-0.30482144,0
0.996253,3.9167158,-0.32632442,0
0.997253,3.9114935,-0.34772157,0
0.998253,3.906169,-0.36901215,0
0.999253,3.9007433,-0.39019543,0
1.000253,3.8952174,-0.41127068,0
1.001253,3.8895923,-0.43223719,0
1.002253,3.883869,-0.45309426,0
1.003253,3.8780486,-0.47384119,0
1.004253,3.8721321,-0.49447732,0
1.005253,3.8661206,-0.51500197,0
1.006253,3.860015,-0.53541449,0
1.007253,3.8538164,-0.55571423,0
1.008253,3.8475258,-0.57590055,0
1.009253,3.8411442,-0.59597284,0
1.010253,3.8346727,-0.61593048,0
1.011253,3.8281123,-0.63577288,0
1.012253,3.821464,-0.65549943,0
1.013253,3.8147289,-0.67510957,0
1.014253,3.8079079,-0.69460272,0
1.015253,3.8010021,-0.71397834,0
1.016253,3.7940126,-0.73323586,0
1.017253,3.7869403,-0.75237477,0
1.018253,3.7797863,-0.77139453,0
1.019253,3.7725516,-0.79029463,0
1.020253,3.7652372,-0.80907458,0
1.021253,3.7578442,-0.82773387,0
1.022253,3.7503736,-0.84627203,0
1.023253,3.7428263,-0.86468859,0
1.024253,3.7352035,-0.8829831,0
1.025253,3.727506,-0.90115509,0
1.026253,3.719735,-0.91920415,0
1.027253,3.7118915,-0.93712983,0
1.028253,3.7039764,-0.95493173,0
1.029253,3.6959908,-0.97260944,0
1.030253,3.6879357,-0.99016256,0
1.031253,3.679812,-1.0075907,0
1.032253,3.6716208,-1.0248935,0
1.033253,3.6633631,-1.0420706,0
1.034253,3.6550399,-1.0591217,0
1.035253,3.6466522,-1.0760463,0
1.036253,3.6382009,-1.0928442,0
1.037253,3.6296871,-1.1095151,0
1.038253,3.6211118,-1.1260586,0
1.039253,3.6124759,-1.1424745,0
1.040253,3.6037803,-1.1587623,0
1.041253,3.5950262,-1.174922,0
1.042253,3.5862144,-1.1909531,0
1.043253,3.577346,-1.2068555,0
1.044253,3.5684218,-1.2226289,0
1.045253,3.5594429,-1.238273,0
1.046253,3.5504103,-1.2537876,0
1.047253,3.5413248,-1.2691726,0
1.048253,3.5321874,-1.2844276,0
1.049253,3.5229992,-1.2995525,0
1.050253,3.5137609,-1.3145471,0
1.051253,3.5044737,-1.3294112,0
1.052253,3.4951383,-1.3441446,0
1.053253,3.4857558,-1.3587473,0
1.054253,3.476327,-1.373219,0
1.055253,3.466853,-1.3875595,0
1.056253,3.4573345,-1.4017688,0
1.057253,3.4477726,-1.4158468,0
1.058253,3.4381681,-1.4297933,0
1.059253,3.428522,-1.4436082,0
1.060253,3.4188352,-1.4572914,0
1.061253,3.4091084,-1.4708428,0
1.062253,3.3993428,-1.4842624,0
1.063253,3.389539,-1.4975502,0
1.064253,3.3796981,-1.5107059,0
1.065253,3.3698209,-1.5237296,0
1.066253,3.3599082,-1.5366213,0
1.067253,3.349961,-1.5493809,0
1.068253,3.3399801,-1.5620084,0
1.069253,3.3299663,-1.5745038,0
1.070253,3.3199206,-1.586867,0
1.071253,3.3098437,-1.5990981,0
1.072253,3.2997366,-1.6111972,0
1.073253,3.2896,-1.6231641,0
1.074253,3.2794347,-1.634999,0
1.075253,3.2692417,-1.6467019,0
1.076253,3.2590217,-1.6582728,0
1.077253,3.2487755,-1.6697118,0
1.078253,3.238504,-1.681019,0
1.079253,3.2282079,-1.6921943,0
1.080253,3.2178881,-1.7032381,0
1.081253,3.2075454,-1.7141502,0
1.082253,3.1971805,-1.7249308,0
1.083253,3.1867942,-1.73558,0
1.084253,3.1763873,-1.7460979,0
1.085253,3.1659606,-1.7564847,0
1.086253,3.1555148,-1.7667404,0
1.087253,3.1450507,-1.7768653,0
1.088253,3.1345691,-1.7868594,0
1.089253,3.1240707,-1.7967229,0
1.090253,3.1135562,-1.806456,0
1.091253,3.1030264,-1.8160589,0
1.092253,3.092482,-1.8255316,0
1.093253,3.0819237,-1.8348745,0
1.094253,3.0713523,-1.8440877,0
1.095253,3.0607684,-1.8531713,0
1.096253,3.0501728,-1.8621257,0
1.097253,3.0395662,-1.870951,0
1.098253,3.0289492,-1.8796475,0
1.099253,3.0183226,-1.8882153,0
1.100253,3.007687,-1.8966547,0
1.101253,2.9970431,-1.904966,0
1.102253,2.9863916,-1.9131494,0
1.103253,2.9757331,-1.9212052,0
1.104253,2.9650683,-1.9291336,0
1.105253,2.9543979,-1.9369349,0
1.106253,2.9437224,-1.9446094,0
1.107253,2.9330426,-1.9521574,0
1.108253,2.9223591,-1.9595791,0
1.109253,2.9116724,-1.9668749,0
1.110253,2.9009833,-1.9740451,0
1.111253,2.8902923,-1.98109,0
1.112253,2.8796,-1.9880099,0
1.113253,2.868907,-1.9948051,0
1.114253,2.858214,-2.001476,0
1.115253,2.8475215,-2.008023,0
1.116253,2.8368301,-2.0144463,0
1.117253,2.8261404,-2.0207463,0
1.118253,2.815453,-2.0269234,0
1.119253,2.8047683,-2.0329779,0
1.120253,2.7940871,-2.0389103,0
1.121253,2.7834098,-2.0447208,0
1.122253,2.7727369,-2.05041,0
1.123253,2.7620691,-2.0559781,0
1.124253,2.7514068,-2.0614256,0
1.125253,2.7407506,-2.0667529,0
1.126253,2.730101,-2.0719603,0
1.127253,2.7194586,-2.0770484,0
1.128253,2.7088238,-2.0820175,0
1.129253,2.6981971,-2.0868681,0
1.130253,2.687579,-2.0916005,0
1.131253,2.6769701,-2.0962153,0
1.132253,2.6663708,-2.1007128,0
1.133253,2.6557816,-2.1050936,0
1.134253,2.645203,-2.1093581,0
1.135253,2.6346354,-2.1135067,0
1.136253,2.6240793,-2.1175399,0
1.137253,2.6135352,-2.1214582,0
1.138253,2.6030035,-2.1252621,0
1.139253,2.5924846,-2.1289521,0
1.140253,2.5819791,-2.1325285,0
1.141253,2.5714873,-2.1359921,0
1.142253,2.5610097,-2.1393431,0
1.143253,2.5505466,-2.1425822,0
1.144253,2.5400986,-2.1457099,0
1.145253,2.529666,-2.1487266,0
1.146253,2.5192492,-2.1516329,0
1.147253,2.5088487,-2.1544294,0
1.148253,2.4984647,-2.1571165,0
1.149253,2.4880978,-2.1596948,0
1.150253,2.4777483,-2.1621648,0
1.151253,2.4674166,-2.1645271,0
1.152253,2.457103,-2.1667822,0
1.153253,2.446808,-2.1689307,0
1.154253,2.4365318,-2.1709732,0
1.155253,2.4262749,-2.1729102,0
1.156253,2.4160376,-2.1747422,0
1.157253,2.4058202,-2.1764699,0
1.158253,2.3956231,-2.1780939,0
1.159253,2.3854467,-2.1796147,0
1.160253,2.3752912,-2.1810328,0
1.161253,2.365157,-2.182349,0
1.162253,2.3550445,-2.1835638,0
1.163253,2.3449538,-2.1846778,0
1.164253,2.3348854,-2.1856916,0
1.165253,2.3248396,-2.1866058,0
1.166253,2.3148166,-2.1874211,0
1.167253,2.3048167,-2.188138,0
1.168253,2.2948404,-2.1887571,0
1.169253,2.2848877,-2.1892792,0
1.170253,2.2749591,-2.1897048,0
1.171253,2.2650548,-2.1900346,0
1.172253,2.2551751,-2.1902692,0
1.173253,2.2453202,-2.1904092,0
1.174253,2.2354904,-2.1904554,0
1.175253,2.225686,-2.1904082,0
1.176253,2.2159073,-2.1902685,0
1.177253,2.2061545,-2.1900368,0
1.178253,2.1964278,-2.1897139,0
1.179253,2.1867275,-2.1893003,0
1.180253,2.1770538,-2.1887968,0
1.181253,2.167407,-2.188204,0
1.182253,2.1577873,-2.1875227,0
1.183253,2.1481949,-2.1867534,0
1.184253,2.1386301,-2.1858968,0
1.185253,2.129093,-2.1849537,0
1.186253,2.1195839,-2.1839247,0
1.187253,2.1101031,-2.1828106,0
1.188253,2.1006507,-2.181612,0
1.189253,2.0912268,-2.1803296,0
1.190253,2.0818319,-2.1789641,0
1.191253,2.0724659,-2.1775162,0
1.192253,2.0631291,-2.1759867,0
1.193253,2.0538218,-2.1743762,0
1.194253,2.0445441,-2.1726854,0
1.195253,2.0352961,-2.1709151,0
1.196253,2.0260781,-2.169066,0
1.197253,2.0168902,-2.1671388,0
1.198253,2.0077327,-2.1651342,0
1.199253,1.9986056,-2.163053,0
1.200253,1.9895092,-2.1608958,0
1.201253,1.9804436,-2.1586635,0
1.202253,1.971409,-2.1563567,0
1.203253,1.9624055,-2.1539761,0
1.204253,1.9534333,-2.1515226,0
1.205253,1.9444925,-2.1489968,0
1.206253,1.9355834,-2.1463995,0
1.207253,1.9267059,-2.1437314,0
1.208253,1.9178604,-2.1409933,0
1.209253,1.9090468,-2.1381859,0
1.210253,1.9002655,-2.13531,0
1.211253,1.8915164,-2.1323663,0
1.212253,1.8827997,-2.1293556,0
1.213253,1.8741156,-2.1262786,0
1.214253,1.8654642,-2.1231361,0
1.215253,1.8568456,-2.1199288,0
1.216253,1.8482599,-2.1166575,0
1.217253,1.8397072,-2.113323,0
1.218253,1.8311877,-2.109926,0
1.219253,1.8227015,-2.1064672,0
1.220253,1.8142487,-2.1029475,0
1.221253,1.8058294,-2.0993675,0
1.222253,1.7974436,-2.0957282,0
1.223253,1.7890916,-2.0920301,0
1.224253,1.7807734,-2.0882742,0
1.225253,1.7724891,-2.0844611,0
1.226253,1.7642388,-2.0805916,0
1.227253,1.7560226,-2.0766666,0
1.228253,1.7478406,-2.0726867,0
1.229253,1.7396929,-2.0686527,0
1.230253,1.7315796,-2.0645654,0
1.231253,1.7235007,-2.0604256,0
1.232253,1.7154564,-2.0562341,0
1.233253,1.7074468,-2.0519916,0
1.234253,1.6994718,-2.0476988,0
1.235253,1.6915316,-2.0433566,0
1.236253,1.6836264,-2.0389658,0
1.237253,1.675756,-2.034527,0
1.238253,1.6679208,-2.0300411,0
1.239253,1.6601206,-2.0255089,0
1.240253,1.6523555,-2.020931,0
1.241253,1.6446258,-2.0163084,0
1.242253,1.6369313,-2.0116417,0
1.243253,1.6292722,-2.0069316,0
1.244253,1.6216485,-2.0021791,0
1.245253,1.6140604,-1.9973849,0
1.246253,1.6065078,-1.9925496,0
1.247253,1.5989908,-1.9876741,0
1.248253,1.5915095,-1.9827592,0
1.249253,1.584064,-1.9778056,0
1.250253,1.5766542,-1.972814,0
1.251253,1.5692803,-1.9677853,0
1.252253,1.5619424,-1.9627202,0
1.253253,1.5546403,-1.9576194,0
1.254253,1.5473743,-1.9524837,0
1.255253,1.5401443,-1.9473139,0
1.256253,1.5329504,-1.9421108,0
1.257253,1.5257927,-1.9368749,0
1.258253,1.5186712,-1.9316072,0
1.259253,1.5115859,-1.9263084,0
1.260253,1.5045368,-1.9209792,0
1.261253,1.4975241,-1.9156204,0
1.262253,1.4905478,-1.9102326,0
1.263253,1.4836078,-1.9048167,0
1.264253,1.4767043,-1.8993734,0
1.265253,1.4698373,-1.8939034,0
1.266253,1.4630068,-1.8884074,0
1.267253,1.4562128,-1.8828863,0
1.268253,1.4494554,-1.8773406,0
1.269253,1.4427346,-1.8717712,0
1.270253,1.4360504,-1.8661788,0
1.271253,1.4294029,-1.860564,0
1.272253,1.4227922,-1.8549276,0
1.273253,1.4162181,-1.8492704,0
1.274253,1.4096808,-1.843593,0
1.275253,1.4031803,-1.8378961,0
1.276253,1.3967166,-1.8321805,0
1.277253,1.3902897,-1.8264468,0
1.278253,1.3838997,-1.8206958,0
1.279253,1.3775465,-1.8149281,0
1.280253,1.3712302,-1.8091445,0
1.281253,1.3649509,-1.8033455,0
1.282253,1.3587085,-1.797532,0
1.283253,1.3525031,-1.7917046,0
1.284253,1.3463346,-1.785864,0
1.285253,1.3402031,-1.7800108,0
1.286253,1.3341086,-1.7741458,0
1.287253,1.3280512,-1.7682695,0
1.288253,1.3220308,-1.7623826,0
1.289253,1.3160474,-1.7564859,0
1.290253,1.3101011,-1.75058,0
1.291253,1.3041918,-1.7446654,0
1.292253,1.2983197,-1.738743,0
1.293253,1.2924846,-1.7328132,0
1.294253,1.2866867,-1.7268768,0
1.295253,1.2809258,-1.7209343,0
1.296253,1.2752021,-1.7149865,0
1.297253,1.2695155,-1.7090339,0
1.298253,1.263866,-1.7030771,0
1.299253,1.2582536,-1.6971169,0
1.300253,1.2526784,-1.6911536,0
1.301253,1.2471403,-1.6851881,0
1.302253,1.2416394,-1.6792209,0
1.303253,1.2361756,-1.6732525,0
1.304253,1.2307489,-1.6672836,0
1.305253,1.2253594,-1.6613148,0
1.306253,1.220007,-1.6553466,0
1.307253,1.2146918,-1.6493796,0
1.308253,1.2094137,-1.6434145,0
1.309253,1.2041728,-1.6374516,0
1.310253,1.1989689,-1.6314917,0
1.311253,1.1938022,-1.6255353,0
1.312253,1.1886726,-1.6195828,0
1.313253,1.1835801,-1.613635,0
1.314253,1.1785247,-1.6076922,0
1.315253,1.1735064,-1.6017551,0
1.316253,1.1685252,-1.5958242,0
1.317253,1.1635811,-1.5898999,0
1.318253,1.158674,-1.5839828,0
1.319253,1.1538039,-1.5780735,0
1.320253,1.1489709,-1.5721724,0
1.321253,1.1441749,-1.56628,0
1.322253,1.139416,-1.5603969,0
1.323253,1.134694,-1.5545234,0
1.324253,1.130009,-1.5486602,0
1.325253,1.1253609,-1.5428076,0
1.326253,1.1207498,-1.5369661,0
1.327253,1.1161756,-1.5311363,0
1.328253,1.1116383,-1.5253185,0
1.329253,1.1071379,-1.5195133,0
1.330253,1.1026744,-1.513721,0
1.331253,1.0982477,-1.5079421,0
1.332253,1.0938577,-1.5021771,0
1.333253,1.0895046,-1.4964263,0
1.334253,1.0851883,-1.4906903,0
1.335253,1.0809087,-1.4849694,0
1.336253,1.0766658,-1.479264,0
1.337253,1.0724595,-1.4735745,0
1.338253,1.06829,-1.4679014,0
1.339253,1.064157,-1.462245,0
1.340253,1.0600607,-1.4566058,0
1.341253,1.0560009,-1.450984,0
1.342253,1.0519776,-1.4453801,0
1.343253,1.0479909,-1.4397945,0
1.344253,1.0440406,-1.4342274,0
1.345253,1.0401267,-1.4286794,0
1.346253,1.0362493,-1.4231506,0
1.347253,1.0324082,-1.4176415,0
1.348253,1.0286034,-1.4121524,0
1.349253,1.0248349,-1.4066836,0
1.350253,1.0211026,-1.4012355,0
1.351253,1.0174066,-1.3958084,0
1.352253,1.0137467,-1.3904025,0
1.353253,1.0101229,-1.3850183,0
1.354253,1.0065353,-1.3796559,0
1.355253,1.0029836,-1.3743158,0
1.356253,0.99946794,-1.3689981,0
1.357253,0.99598822,-1.3637032,0
1.358253,0.9925444,-1.3584314,0
1.359253,0.98913643,-1.3531828,0
1.360253,0.98576427,-1.3479579,0
1.361253,0.98242786,-1.3427567,0
1.362253,0.97912716,-1.3375797,0
1.363253,0.97586211,-1.332427,0
1.364253,0.97263267,-1.3272989,0
1.365253,0.96943877,-1.3221956,0
1.366253,0.96628037,-1.3171174,0
1.367253,0.96315742,-1.3120644,0
1.368253,0.96006985,-1.3070369,0
1.369253,0.95701762,-1.302035,0
1.370253,0.95400066,-1.2970591,0
1.371253,0.95101892,-1.2921093,0
1.372253,0.94807234,-1.2871858,0
1.373253,0.94516086,-1.2822887,0
1.374253,0.94228442,-1.2774183,0
1.375253,0.93944295,-1.2725747,0
1.376253,0.93663641,-1.2677582,0
1.377253,0.93386471,-1.2629688,0
1.378253,0.93112781,-1.2582067,0
1.379253,0.92842563,-1.2534721,0
1.380253,0.92575812,-1.2487651,0
1.381253,0.9231252,-1.2440859,0
1.382253,0.9205268,-1.2394346,0
1.383253,0.91796287,-1.2348114,0
1.384253,0.91543332,-1.2302162,0
1.385253,0.9129381,-1.2256494,0
1.386253,0.91047713,-1.221111,0
1.387253,0.90805034,-1.216601,0
1.388253,0.90565766,-1.2121197,0
1.389253,0.90329901,-1.2076671,0
1.390253,0.90097433,-1.2032432,0
1.391253,0.89868353,-1.1988483,0
1.392253,0.89642655,-1.1944823,0
1.393253,0.89420331,-1.1901453,0
1.394253,0.89201372,-1.1858375,0
1.395253,0.88985772,-1.1815588,0
1.396253,0.88773523,-1.1773094,0
1.397253,0.88564617,-1.1730892,0
1.398253,0.88359045,-1.1688984,0
1.399253,0.88156801,-1.164737,0
1.400253,0.87957875,-1.1606051,0
1.401253,0.87762259,-1.1565026,0
1.402253,0.87569946,-1.1524296,0
1.403253,0.87380927,-1.1483862,0
1.404253,0.87195194,-1.1443723,0
1.405253,0.87012737,-1.140388,0
1.406253,0.8683355,-1.1364333,0
1.407253,0.86657623,-1.1325082,0
1.408253,0.86484947,-1.1286127,0
1.409253,0.86315515,-1.1247467,0
1.410253,0.86149316,-1.1209104,0
1.411253,0.85986343,-1.1171037,0
1.412253,0.85826586,-1.1133265,0
1.413253,0.85670037,-1.1095789,0
1.414253,0.85516687,-1.1058609,0
1.415253,0.85366525,-1.1021723,0
1.416253,0.85219544,-1.0985133,0
1.417253,0.85075735,-1.0948836,0
1.418253,0.84935087,-1.0912834,0
1.419253,0.84797592,-1.0877126,0
1.420253,0.8466324,-1.0841711,0
1.421253,0.84532022,-1.0806588,0
1.422253,0.84403928,-1.0771758,0
1.423253,0.8427895,-1.0737219,0
1.424253,0.84157077,-1.0702971,0
1.425253,0.840383,-1.0669014,0
1.426253,0.83922609,-1.0635346,0
1.427253,0.83809994,-1.0601967,0
1.428253,0.83700447,-1.0568877,0
1.429253,0.83593956,-1.0536073,0
1.430253,0.83490512,-1.0503557,0
1.431253,0.83390106,-1.0471326,0
1.432253,0.83292727,-1.043938,0
1.433253,0.83198366,-1.0407717,0
1.434253,0.83107012,-1.0376338,0
1.435253,0.83018655,-1.0345241,0
1.436253,0.82933286,-1.0314424,0
1.437253,0.82850894,-1.0283887,0
1.438253,0.82771469,-1.0253629,0
1.439253,0.82695,-1.0223649,0
1.440253,0.82621479,-1.0193946,0
1.441253,0.82550894,-1.0164517,0
1.442253,0.82483235,-1.0135363,0
1.443253,0.82418492,-1.0106482,0
1.444253,0.82356654,-1.0077872,0
1.445253,0.82297711,-1.0049533,0
1.446253,0.82241654,-1.0021463,0
1.447253,0.8218847,-0.99936603,0
1.448253,0.8213815,-0.99661242,0
1.449253,0.82090684,-0.99388532,0
1.450253,0.8204606,-0.99118457,0
1.451253,0.82004268,-0.98851003,0
1.452253,0.81965299,-0.98586157,0
1.453253,0.8192914,-0.98323902,0
1.454253,0.81895782,-0.98064225,0
1.455253,0.81865214,-0.97807109,0
1.456253,0.81837426,-0.97552539,0
1.457253,0.81812405,-0.973005,0
1.458253,0.81790143,-0.97050975,0
1.459253,0.81770629,-0.96803948,0
1.460253,0.8175385,-0.96559404,0
1.461253,0.81739798,-0.96317325,0
1.462253,0.81728461,-0.96077695,0
1.463253,0.81719828,-0.95840497,0
1.464253,0.81713889,-0.95605713,0
1.465253,0.81710632,-0.95373327,0
1.466253,0.81710048,-0.95143321,0
1.467253,0.81712125,-0.94915678,0
1.468253,0.81716853,-0.94690379,0
1.469253,0.8172422,-0.94467406,0
1.470253,0.81734217,-0.94246743,0
1.471253,0.81746831,-0.94028369,0
1.472253,0.81762053,-0.93812267,0
1.473253,0.81779871,-0.93598418,0
1.474253,0.81800275,-0.93386804,0
1.475253,0.81823254,-0.93177405,0
1.476253,0.81848797,-0.92970203,0
1.477253,0.81876892,-0.92765178,0
1.478253,0.81907531,-0.92562312,0
1.479253,0.819407,-0.92361584,0
1.480253,0.81976391,-0.92162976,0
1.481253,0.82014591,-0.91966467,0
1.482253,0.8205529,-0.91772038,0
1.483253,0.82098478,-0.91579668,0
1.484253,0.82144143,-0.91389339,0
1.485253,0.82192274,-0.9120103,0
1.486253,0.82242861,-0.9101472,0
1.487253,0.82295894,-0.9083039,0
1.488253,0.8235136,-0.90648019,0
1.489253,0.8240925,-0.90467587,0
1.490253,0.82469552,-0.90289072,0
1.491253,0.82532256,-0.90112455,0
1.492253,0.82597352,-0.89937715,0
1.493253,0.82664827,-0.89764831,0
1.494253,0.82734673,-0.89593781,0
1.495253,0.82806877,-0.89424546,0
1.496253,0.82881429,-0.89257103,0
1.497253,0.82958319,-0.89091432,0
1.498253,0.83037535,-0.88927513,0
1.499253,0.83119067,-0.88765322,0
1.500253,0.83202905,-0.8860484,0
1.501253,0.83289037,-0.88446045,0
1.502253,0.83377454,-0.88288915,0
1.503253,0.83468144,-0.8813343,0
1.504253,0.83561097,-0.87979567,0
1.505253,0.83656302,-0.87827305,0
1.506253,0.83753748,-0.87676622,0
1.507253,0.83853426,-0.87527498,0
1.508253,0.83955324,-0.87379909,0
1.509253,0.84059432,-0.87233835,0
1.510253,0.84165739,-0.87089254,0
1.511253,0.84274236,-0.86946144,0
1.512253,0.84384911,-0.86804483,0
1.513253,0.84497754,-0.8666425,0
1.514253,0.84612754,-0.86525422,0
1.515253,0.84729902,-0.86387978,0
1.516253,0.84849186,-0.86251895,0
1.517253,0.84970596,-0.86117153,0
1.518253,0.85094123,-0.85983729,0
1.519253,0.85219755,-0.85851601,0
1.520253,0.85347482,-0.85720747,0
1.521253,0.85477294,-0.85591145,0
1.522253,0.85609181,-0.85462773,0
1.523253,0.85743132,-0.8533561,0
1.524253,0.85879137,-0.85209633,0
1.525253,0.86017186,-0.85084821,0
1.526253,0.86157269,-0.84961151,0
1.527253,0.86299375,-0.84838601,0
1.528253,0.86443495,-0.8471715,0
1.529253,0.86589617,-0.84596775,0
1.530253,0.86737733,-0.84477454,0
1.531253,0.86887831,-0.84359167,0
1.532253,0.87039902,-0.8424189,0
1.533253,0.87193936,-0.84125601,0
1.534253,0.87349923,-0.8401028,0
1.535253,0.87507852,-0.83895903,0
1.536253,0.87667714,-0.83782449,0
1.537253,0.87829498,-0.83669897,0
1.538253,0.87993195,-0.83558223,0
1.539253,0.88158795,-0.83447407,0
1.540253,0.88326287,-0.83337427,0
1.541253,0.88495663,-0.8322826,0
1.542253,0.88666911,-0.83119886,0
1.543253,0.88840023,-0.83012281,0
1.544253,0.89014988,-0.82905426,0
1.545253,0.89191796,-0.82799297,0
1.546253,0.89370438,-0.82693873,0
1.547253,0.89550904,-0.82589132,0
1.548253,0.89733184,-0.82485054,0
1.549253,0.89917268,-0.82381616,0
1.550253,0.90103147,-0.82278797,0
1.551253,0.90290811,-0.82176575,0
1.552253,0.9048025,-0.82074928,0
1.553253,0.90671455,-0.81973836,0
1.554253,0.90864415,-0.81873277,0
1.555253,0.91059122,-0.8177323,0
1.556253,0.91255566,-0.81673672,0
1.557253,0.91453736,-0.81574583,0
1.558253,0.91653624,-0.81475942,0
1.559253,0.9185522,-0.81377727,0
1.560253,0.92058514,-0.81279918,0
1.561253,0.92263497,-0.81182492,0
1.562253,0.9247016,-0.81085429,0
1.563253,0.92678492,-0.80988708,0
1.564253,0.92888484,-0.80892308,0
1.565253,0.93100128,-0.80796208,0
1.566253,0.93313412,-0.80700386,0
1.567253,0.93528329,-0.80604823,0
1.568253,0.93744868,-0.80509496,0
1.569253,0.9396302,-0.80414386,0
1.570253,0.94182776,-0.80319472,0
1.571253,0.94404126,-0.80224732,0
1.572253,0.94627062,-0.80130146,0
1.573253,0.94851572,-0.80035695,0
1.574253,0.95077649,-0.79941356,0
1.575253,0.95305283,-0.79847109,0
1.576253,0.95534464,-0.79752934,0
1.577253,0.95765183,-0.79658811,0
1.578253,0.95997432,-0.7956472,0
1.579253,0.96231199,-0.79470639,0
1.580253,0.96466477,-0.79376548,0
1.581253,0.96703256,-0.79282429,0
1.582253,0.96941527,-0.79188259,0
1.583253,0.9718128,-0.79094019,0
1.584253,0.97422506,-0.78999689,0
1.585253,0.97665196,-0.7890525,0
1.586253,0.97909341,-0.7881068,0
1.587253,0.9815493,-0.78715961,0
1.588253,0.98401956,-0.78621071,0
1.589253,0.98650409,-0.78525992,0
1.590253,0.98900279,-0.78430704,0
1.591253,0.99151558,-0.78335187,0
1.592253,0.99404236,-0.78239421,0
1.593253,0.99658303,-0.78143387,0
1.594253,0.99913751,-0.78047064,0
1.595253,1.0017057,-0.77950435,0
1.596253,1.0042875,-0.77853479,0
1.597253,1.0068829,-0.77756177,0
1.598253,1.0094916,-0.77658509,0
1.599253,1.0121138,-0.77560456,0
1.600253,1.0147491,-0.77462,0
1.601253,1.0173977,-0.7736312,0
1.602253,1.0200593,-0.77263798,0
1.603253,1.0227338,-0.77164015,0
1.604253,1.0254213,-0.77063751,0
1.605253,1.0281215,-0.76962988,0
1.606253,1.0308344,-0.76861707,0
1.607253,1.03356,-0.76759889,0
1.608253,1.036298,-0.76657515,0
1.609253,1.0390484,-0.76554566,0
1.610253,1.0418112,-0.76451024,0
1.611253,1.0445862,-0.76346871,0
1.612253,1.0473733,-0.76242087,0
1.613253,1.0501725,-0.76136654,0
1.614253,1.0529836,-0.76030553,0
1.615253,1.0558066,-0.75923767,0
1.616253,1.0586413,-0.75816277,0
1.617253,1.0614877,-0.75708064,0
1.618253,1.0643457,-0.75599111,0
1.619253,1.0672151,-0.75489398,0
1.620253,1.0700959,-0.75378909,0
1.621253,1.072988,-0.75267624,0
1.622253,1.0758913,-0.75155526,0
1.623253,1.0788056,-0.75042597,0
1.624253,1.081731,-0.74928819,0
1.625253,1.0846673,-0.74814175,0
1.626253,1.0876144,-0.74698645,0
1.627253,1.0905721,-0.74582213,0
1.628253,1.0935405,-0.74464861,0
1.629253,1.0965194,-0.74346571,0
1.630253,1.0995088,-0.74227326,0
1.631253,1.1025084,-0.74107107,0
1.632253,1.1055183,-0.73985898,0
1.633253,1.1085383,-0.73863681,0
1.634253,1.1115683,-0.73740439,0
1.635253,1.1146082,-0.73616155,0
1.636253,1.117658,-0.7349081,0
1.637253,1.1207175,-0.73364389,0
1.638253,1.1237866,-0.73236873,0
1.639253,1.1268653,-0.73108246,0
1.640253,1.1299534,-0.7297849,0
1.641253,1.1330508,-0.72847589,0
1.642253,1.1361574,-0.72715525,0
1.643253,1.1392732,-0.72582283,0
1.644253,1.1423979,-0.72447844,0
1.645253,1.1455316,-0.72312192,0
1.646253,1.1486741,-0.7217531,0
1.647253,1.1518254,-0.72037182,0
1.648253,1.1549852,-0.71897791,0
1.649253,1.1581535,-0.71757121,0
1.650253,1.1613303,-0.71615154,0
1.651253,1.1645153,-0.71471875,0
1.652253,1.1677086,-0.71327266,0
1.653253,1.1709099,-0.71181313,0
1.654253,1.1741191,-0.71033997,0
1.655253,1.1773363,-0.70885304,0
1.656253,1.1805612,-0.70735216,0
1.657253,1.1837938,-0.70583718,0
1.658253,1.1870339,-0.70430794,0
1.659253,1.1902815,-0.70276427,0
1.660253,1.1935364,-0.70120601,0
1.661253,1.1967985,-0.69963301,0
1.662253,1.2000677,-0.69804511,0
1.663253,1.2033439,-0.69644214,0
1.664253,1.206627,-0.69482396,0
1.665253,1.2099169,-0.69319039,0
1.666253,1.2132134,-0.6915413,0
1.667253,1.2165164,-0.68987651,0
1.668253,1.2198259,-0.68819588,0
1.669253,1.2231417,-0.68649924,0
1.670253,1.2264638,-0.68478645,0
1.671253,1.2297919,-0.68305735,0
1.672253,1.2331259,-0.68131179,0
1.673253,1.2364658,-0.67954961,0
1.674253,1.2398115,-0.67777066,0
1.675253,1.2431627,-0.67597478,0
1.676253,1.2465195,-0.67416184,0
1.677253,1.2498816,-0.67233167,0
1.678253,1.253249,-0.67048413,0
1.679253,1.2566215,-0.66861907,0
1.680253,1.259999,-0.66673633,0
1.681253,1.2633814,-0.66483577,0
1.682253,1.2667685,-0.66291724,0
1.683253,1.2701603,-0.6609806,0
1.684253,1.2735566,-0.65902569,0
1.685253,1.2769573,-0.65705237,0
1.686253,1.2803622,-0.65506049,0
1.687253,1.2837713,-0.65304992,0
1.688253,1.2871844,-0.65102049,0
1.689253,1.2906013,-0.64897208,0
1.690253,1.294022,-0.64690453,0
1.691253,1.2974463,-0.64481771,0
1.692253,1.3008741,-0.64271147,0
1.693253,1.3043052,-0.64058566,0
1.694253,1.3077395,-0.63844016,0
1.695253,1.3111769,-0.63627481,0
1.696253,1.3146172,-0.63408948,0
1.697253,1.3180604,-0.63188403,0
1.698253,1.3215062,-0.62965832,0
1.699253,1.3249546,-0.6274122,0
1.700253,1.3284053,-0.62514556,0
1.701253,1.3318583,-0.62285824,0
1.702253,1.3353134,-0.62055011,0
1.703253,1.3387705,-0.61822103,0
1.704253,1.3422294,-0.61587088,0
1.705253,1.34569,-0.61349951,0
1.706253,1.3491521,-0.61110679,0
1.707253,1.3526157,-0.6086926,0
1.708253,1.3560804,-0.60625678,0
1.709253,1.3595463,-0.60379923,0
1.710253,1.3630131,-0.6013198,0
1.711253,1.3664807,-0.59881836,0
1.712253,1.369949,-0.59629478,0
1.713253,1.3734178,-0.59374894,0
1.714253,1.3768869,-0.59118071,0
1.715253,1.3803562,-0.58858995,0
1.716253,1.3838256,-0.58597655,0
1.717253,1.3872948,-0.58334037,0
1.718253,1.3907638,-0.58068129,0
1.719253,1.3942323,-0.57799919,0
1.720253,1.3977003,-0.57529394,0
1.721253,1.4011675,-0.57256542,0
1.722253,1.4046338,-0.5698135,0
1.723253,1.408099,-0.56703807,0
1.724253,1.411563,-0.564239,0
1.725253,1.4150256,-0.56141618,0
1.726253,1.4184866,-0.55856948,0
1.727253,1.4219459,-0.55569878,0
1.728253,1.4254033,-0.55280397,0
1.729253,1.4288587,-0.54988493,0
1.730253,1.4323118,-0.54694154,0
1.731253,1.4357625,-0.54397369,0
1.732253,1.4392106,-0.54098127,0
1.733253,1.4426559,-0.53796416,0
1.734253,1.4460984,-0.53492224,0
1.735253,1.4495377,-0.53185541,0
1.736253,1.4529738,-0.52876355,0
1.737253,1.4564064,-0.52564656,0
1.738253,1.4598354,-0.52250432,0
1.739253,1.4632605,-0.51933673,0
1.740253,1.4666817,-0.51614368,0
1.741253,1.4700987,-0.51292506,0
1.742253,1.4735113,-0.50968077,0
1.743253,1.4769194,-0.50641069,0
1.744253,1.4803227,-0.50311474,0
1.745253,1.4837212,-0.4997928,0
1.746253,1.4871145,-0.49644478,0
1.747253,1.4905025,-0.49307057,0
1.748253,1.4938851,-0.48967007,0
1.749253,1.4972619,-0.48624319,0
1.750253,1.5006329,-0.48278982,0
1.751253,1.5039978,-0.47930987,0
1.752253,1.5073565,-0.47580325,0
1.753253,1.5107087,-0.47226986,0
1.754253,1.5140542,-0.4687096,0
1.755253,1.5173929,-0.46512239,0
1.756253,1.5207245,-0.46150813,0
1.757253,1.5240489,-0.45786673,0
1.758253,1.5273658,-0.4541981,0
1.759253,1.530675,-0.45050216,0
1.760253,1.5339764,-0.44677882,0
1.761253,1.5372696,-0.44302799,0
1.762253,1.5405546,-0.43924959,0
1.763253,1.5438311,-0.43544354,0
1.764253,1.5470989,-0.43160975,0
1.765253,1.5503578,-0.42774814,0
1.766253,1.5536076,-0.42385863,0
1.767253,1.5568479,-0.41994115,0
1.768253,1.5600788,-0.41599562,0
1.769253,1.5632998,-0.41202196,0
1.770253,1.5665109,-0.40802009,0
1.771253,1.5697118,-0.40398996,0
1.772253,1.5729022,-0.39993147,0
1.773253,1.5760819,-0.39584457,0
1.774253,1.5792508,-0.39172918,0
1.775253,1.5824086,-0.38758524,0
1.776253,1.5855551,-0.38341268,0
1.777253,1.58869,-0.37921143,0
1.778253,1.5918131,-0.37498143,0
1.779253,1.5949242,-0.37072262,0
1.780253,1.5980231,-0.36643495,0
1.781253,1.6011094,-0.36211834,0
1.782253,1.6041831,-0.35777275,0
1.783253,1.6072439,-0.35339811,0
1.784253,1.6102915,-0.34899437,0
1.785253,1.6133257,-0.34456149,0
1.786253,1.6163462,-0.3400994,0
1.787253,1.6193528,-0.33560806,0
1.788253,1.6223454,-0.33108742,0
1.789253,1.6253235,-0.32653743,0
1.790253,1.6282871,-0.32195806,0
1.791253,1.6312358,-0.31734925,0
1.792253,1.6341694,-0.31271096,0
1.793253,1.6370877,-0.30804316,0
1.794253,1.6399904,-0.3033458,0
1.795253,1.6428773,-0.29861885,0
1.796253,1.6457481,-0.29386228,0
1.797253,1.6486025,-0.28907605,0
1.798253,1.6514404,-0.28426013,0
1.799253,1.6542615,-0.2794145,0
1.800253,1.6570654,-0.27453911,0
1.801253,1.6598521,-0.26963396,0
1.802253,1.6626211,-0.26469901,0
1.803253,1.6653723,-0.25973424,0
1.804253,1.6681054,-0.25473964,0
1.805253,1.6708201,-0.24971518,0
1.806253,1.6735162,-0.24466085,0
1.807253,1.6761934,-0.23957664,0
1.808253,1.6788515,-0.23446252,0
1.809253,1.6814902,-0.2293185,0
1.810253,1.6841092,-0.22414457,0
1.811253,1.6867083,-0.21894071,0
1.812253,1.6892872,-0.21370692,0
1.813253,1.6918456,-0.20844321,0
1.814253,1.6943833,-0.20314957,0
1.815253,1.6969,-0.197826,0
1.816253,1.6993955,-0.19247251,0
1.817253,1.7018694,-0.18708911,0
1.818253,1.7043215,-0.1816758,0
1.819253,1.7067516,-0.17623259,0
1.820253,1.7091593,-0.1707595,0
1.821253,1.7115444,-0.16525654,0
1.822253,1.7139066,-0.15972374,0
1.823253,1.7162456,-0.1541611,0
1.824253,1.7185612,-0.14856865,0
1.825253,1.7208531,-0.14294643,0
1.826253,1.723121,-0.13729444,0
1.827253,1.7253647,-0.13161273,0
1.828253,1.7275838,-0.12590132,0
1.829253,1.7297781,-0.12016025,0
1.830253,1.7319473,-0.11438955,0
1.831253,1.7340912,-0.10858926,0
1.832253,1.7362094,-0.10275943,0
1.833253,1.7383016,-0.096900097,0
1.834253,1.7403677,-0.091011306,0
1.835253,1.7424072,-0.085093107,0
1.836253,1.74442,-0.079145551,0
1.837253,1.7464058,-0.073168692,0
1.838253,1.7483642,-0.067162585,0
1.839253,1.750295,-0.061127291,0
1.840253,1.7521978,-0.05506287,0
1.841253,1.7540725,-0.048969386,0
1.842253,1.7559188,-0.042846906,0
1.843253,1.7577363,-0.036695499,0
1.844253,1.7595247,-0.030515237,0
1.845253,1.7612838,-0.024306195,0
1.846253,1.7630134,-0.01806845,0
1.847253,1.764713,-0.011802083,0
1.848253,1.7663825,-0.005507176,0
1.849253,1.7680215,0.000816185,0
1.850253,1.7696298,0.007167912,0
1.851253,1.7712071,0.013547913,0
1.852253,1.7727531,0.019956095,0
1.853253,1.7742674,0.026392361,0
1.854253,1.7757499,0.032856611,0
1.855253,1.7772003,0.039348742,0
1.856253,1.7786181,0.045868649,0
1.857253,1.7800033,0.052416225,0
1.858253,1.7813554,0.058991356,0
1.859253,1.7826743,0.065593931,0
1.860253,1.7839596,0.07222383,0
1.861253,1.785211,0.078880935,0
1.862253,1.7864282,0.085565122,0
1.863253,1.7876111,0.092276266,0
1.864253,1.7887592,0.099014237,0
1.865253,1.7898723,0.1057789,0
1.866253,1.7909502,0.11257013,0
1.867253,1.7919925,0.11938778,0
1.868253,1.792999,0.12623171,0
1.869253,1.7939694,0.13310178,0
1.870253,1.7949033,0.13999784,0
1.871253,1.7958007,0.14691973,0
1.872253,1.796661,0.15386732,0
1.873253,1.7974842,0.16084043,0
1.874253,1.7982698,0.16783892,0
1.875253,1.7990177,0.17486261,0
1.876253,1.7997275,0.18191134,0
1.877253,1.800399,0.18898495,0
1.878253,1.8010319,0.19608325,0
1.879253,1.801626,0.20320608,0
1.880253,1.8021809,0.21035326,0
1.881253,1.8026964,0.21752461,0
1.882253,1.8031722,0.22471993,0
1.883253,1.8036081,0.23193904,0
1.884253,1.8040038,0.23918176,0
1.885253,1.8043591,0.24644788,0
1.886253,1.8046735,0.25373721,0
1.887253,1.8049471,0.26104955,0
1.888253,1.8051793,0.26838469,0
1.889253,1.80537,0.27574243,0
1.890253,1.805519,0.28312256,0
1.891253,1.8056259,0.29052485,0
1.892253,1.8056906,0.29794911,0
1.893253,1.8057127,0.30539509,0
1.894253,1.805692,0.31286259,0
1.895253,1.8056283,0.32035137,0
1.896253,1.8055214,0.32786121,0
1.897253,1.8053708,0.33539187,0
1.898253,1.8051766,0.34294311,0
1.899253,1.8049383,0.3505147,0
1.900253,1.8046557,0.35810639,0
1.901253,1.8043286,0.36571794,0
1.902253,1.8039569,0.37334909,0
1.903253,1.8035401,0.3809996,0
1.904253,1.8030782,0.38866921,0
1.905253,1.8025708,0.39635765,0
1.906253,1.8020178,0.40406468,0
1.907253,1.8014189,0.41179001,0
1.908253,1.8007739,0.41953339,0
1.909253,1.8000825,0.42729454,0
1.910253,1.7993447,0.43507318,0
1.911253,1.79856,0.44286904,0
1.912253,1.7977284,0.45068184,0
1.913253,1.7968496,0.45851129,0
1.914253,1.7959235,0.46635711,0
1.915253,1.7949497,0.474219,0
1.916253,1.7939281,0.48209667,0
1.917253,1.7928585,0.48998982,0
1.918253,1.7917408,0.49789815,0
1.919253,1.7905746,0.50582136,0
1.920253,1.7893598,0.51375915,0
1.921253,1.7880963,0.52171119,0
1.922253,1.7867839,0.52967719,0
1.923253,1.7854222,0.53765683,0
1.924253,1.7840113,0.54564978,0
1.925253,1.7825509,0.55365572,0
1.926253,1.7810408,0.56167434,0
1.927253,1.7794809,0.5697053,0
1.928253,1.7778709,0.57774828,0
1.929253,1.7762108,0.58580293,0
1.930253,1.7745004,0.59386893,0
1.931253,1.7727395,0.60194594,0
1.932253,1.7709279,0.61003361,0
1.933253,1.7690656,0.6181316,0
1.934253,1.7671523,0.62623956,0
1.935253,1.765188,0.63435714,0
1.936253,1.7631724,0.64248399,0
1.937253,1.7611055,0.65061975,0
1.938253,1.7589871,0.65876407,0
1.939253,1.7568172,0.66691658,0
1.940253,1.7545955,0.67507692,0
1.941253,1.7523219,0.68324472,0
1.942253,1.7499964,0.69141962,0
1.943253,1.7476188,0.69960125,0
1.944253,1.7451891,0.70778922,0
1.945253,1.742707,0.71598317,0
1.946253,1.7401726,0.72418271,0
1.947253,1.7375857,0.73238747,0
1.948253,1.7349463,0.74059705,0
1.949253,1.7322541,0.74881108,0
1.950253,1.7295093,0.75702917,0
1.951253,1.7267117,0.76525093,0
1.952253,1.7238611,0.77347595,0
1.953253,1.7209576,0.78170386,0
1.954253,1.7180011,0.78993425,0
1.955253,1.7149915,0.79816672,0
1.956253,1.7119288,0.80640087,0
1.957253,1.708813,0.8146363,0
1.958253,1.7056438,0.82287261,0
1.959253,1.7024215,0.83110938,0
1.960253,1.6991458,0.83934621,0
1.961253,1.6958168,0.84758269,0
1.962253,1.6924344,0.8558184,0
1.963253,1.6889986,0.86405293,0
1.964253,1.6855095,0.87228586,0
1.965253,1.6819669,0.88051678,0
1.966253,1.6783709,0.88874527,0
1.967253,1.6747215,0.89697091,0
1.968253,1.6710187,0.90519327,0
1.969253,1.6672625,0.91341193,0
1.970253,1.6634529,0.92162646,0
1.971253,1.6595899,0.92983644,0
1.972253,1.6556735,0.93804145,0
1.973253,1.6517039,0.94624104,0
1.974253,1.6476809,0.9544348,0
1.975253,1.6436047,0.96262228,0
1.976253,1.6394753,0.97080307,0
1.977253,1.6352927,0.97897672,0
1.978253,1.631057,0.98714279,0
1.979253,1.6267683,0.99530086,0
1.980253,1.6224266,1.0034505,0
1.981253,1.618032,1.0115912,0
1.982253,1.6135846,1.0197227,0
1.983253,1.6090844,1.0278443,0
1.984253,1.6045316,1.0359558,0
1.985253,1.5999262,1.0440567,0
1.986253,1.5952683,1.0521464,0
1.987253,1.5905581,1.0602247,0
1.988253,1.5857956,1.068291,0
1.989253,1.580981,1.0763449,0
1.990253,1.5761143,1.0843859,0
1.991253,1.5711958,1.0924137,0
1.992253,1.5662255,1.1004278,0
1.993253,1.5612036,1.1084276,0
1.994253,1.5561302,1.1164129,0
1.995253,1.5510054,1.1243831,0
1.996253,1.5458295,1.1323379,0
1.997253,1.5406026,1.1402767,0
1.998253,1.5353248,1.1481991,0
1.999253,1.5299963,1.1561047,0
2.000253,1.5246174,1.1639931,0
2.001253,1.5191881,1.1718637,0
2.002253,1.5137086,1.1797163,0
2.003253,1.5081792,1.1875502,0
2.004253,1.5026001,1.1953651,0
2.005253,1.4969714,1.2031606,0
2.006253,1.4912935,1.2109362,0
2.007253,1.4855663,1.2186915,0
2.008253,1.4797903,1.226426,0
2.009253,1.4739657,1.2341393,0
2.010253,1.4680926,1.241831,0
2.011253,1.4621713,1.2495006,0
2.012253,1.456202,1.2571478,0
2.013253,1.4501851,1.264772,0
2.014253,1.4441207,1.2723729,0
2.015253,1.4380092,1.27995,0
2.016253,1.4318507,1.2875029,0
2.017253,1.4256455,1.2950312,0
2.018253,1.419394,1.3025344,0
2.019253,1.4130965,1.3100122,0
2.020253,1.4067531,1.3174641,0
2.021253,1.4003642,1.3248897,0
2.022253,1.3939301,1.3322886,0
2.023253,1.3874511,1.3396603,0
2.024253,1.3809276,1.3470046,0
2.025253,1.3743597,1.3543209,0
2.026253,1.3677479,1.3616088,0
2.027253,1.3610925,1.368868,0
2.028253,1.3543937,1.376098,0
2.029253,1.3476521,1.3832985,0
2.030253,1.3408677,1.390469,0
2.031253,1.3340412,1.3976091,0
2.032253,1.3271727,1.4047186,0
2.033253,1.3202626,1.4117969,0
2.034253,1.3133114,1.4188437,0
2.035253,1.3063193,1.4258586,0
2.036253,1.2992867,1.4328412,0
2.037253,1.2922141,1.4397911,0
2.038253,1.2851018,1.4467081,0
2.039253,1.2779501,1.4535916,0
2.040253,1.2707596,1.4604414,0
2.041253,1.2635305,1.467257,0
2.042253,1.2562632,1.4740382,0
2.043253,1.2489583,1.4807845,0
2.044253,1.2416161,1.4874955,0
2.045253,1.2342369,1.4941711,0
2.046253,1.2268213,1.5008107,0
2.047253,1.2193697,1.507414,0
2.048253,1.2118824,1.5139808,0
2.049253,1.2043599,1.5205106,0
2.050253,1.1968027,1.5270032,0
2.051253,1.1892112,1.5334582,0
2.052253,1.1815858,1.5398753,0
2.053253,1.1739271,1.5462541,0
2.054253,1.1662353,1.5525944,0
2.055253,1.1585111,1.5588958,0
2.056253,1.1507548,1.565158,0
2.057253,1.1429669,1.5713807,0
2.058253,1.135148,1.5775637,0
2.059253,1.1272984,1.5837065,0
2.060253,1.1194187,1.589809,0
2.061253,1.1115093,1.5958709,0
2.062253,1.1035707,1.6018917,0
2.063253,1.0956035,1.6078714,0
2.064253,1.087608,1.6138096,0
2.065253,1.0795848,1.619706,0
2.066253,1.0715344,1.6255603,0
2.067253,1.0634573,1.6313724,0
2.068253,1.055354,1.6371419,0
2.069253,1.047225,1.6428686,0
2.070253,1.0390709,1.6485523,0
2.071253,1.030892,1.6541927,0
2.072253,1.022689,1.6597896,0
2.073253,1.0144624,1.6653427,0
2.074253,1.0062126,1.6708518,0
2.075253,0.99794027,1.6763168,0
2.076253,0.98964587,1.6817373,0
2.077253,0.98132994,1.6871132,0
2.078253,0.97299301,1.6924443,0
2.079253,0.96463561,1.6977303,0
2.080253,0.95625829,1.7029711,0
2.081253,0.94786158,1.7081665,0
2.082253,0.93944603,1.7133163,0
2.083253,0.93101216,1.7184203,0
2.084253,0.92256054,1.7234784,0
2.085253,0.91409171,1.7284903,0
2.086253,0.90560621,1.7334559,0
2.087253,0.89710459,1.7383752,0
2.088253,0.88858741,1.7432478,0
2.089253,0.88005522,1.7480737,0
2.090253,0.87150858,1.7528527,0
2.091253,0.86294803,1.7575846,0
2.092253,0.85437414,1.7622695,0
2.093253,0.84578747,1.766907,0
2.094253,0.83718857,1.7714972,0
2.095253,0.828578,1.7760399,0
2.096253,0.81995632,1.780535,0
2.097253,0.8113241,1.7849824,0
2.098253,0.8026819,1.7893819,0
2.099253,0.79403028,1.7937336,0
2.100253,0.7853698,1.7980373,0
2.101253,0.77670102,1.8022929,0
2.102253,0.76802452,1.8065004,0
2.103253,0.75934086,1.8106597,0
2.104253,0.75065059,1.8147708,0
2.105253,0.74195429,1.8188335,0
2.106253,0.73325251,1.8228479,0
2.107253,0.72454583,1.8268139,0
2.108253,0.7158348,1.8307314,0
2.109253,0.70711999,1.8346005,0
2.110253,0.69840197,1.838421,0
2.111253,0.68968129,1.8421931,0
2.112253,0.68095852,1.8459166,0
2.113253,0.67223421,1.8495915,0
2.114253,0.66350894,1.8532179,0
2.115253,0.65478325,1.8567958,0
2.116253,0.64605771,1.8603251,0
2.117253,0.63733288,1.8638058,0
2.118253,0.62860931,1.8672381,0
2.119253,0.61988755,1.8706219,0
2.120253,0.61116817,1.8739573,0
2.121253,0.60245171,1.8772442,0
2.122253,0.59373872,1.8804828,0
2.123253,0.58502976,1.883673,0
2.124253,0.57632537,1.886815,0
2.125253,0.5676261,1.8899087,0
2.126253,0.55893248,1.8929543,0
2.127253,0.55024508,1.8959519,0
2.128253,0.54156441,1.8989014,0
2.129253,0.53289103,1.901803,0
2.130253,0.52422547,1.9046568,0
2.131253,0.51556826,1.9074629,0
2.132253,0.50691993,1.9102213,0
2.133253,0.49828102,1.9129322,0
2.134253,0.48965204,1.9155957,0
2.135253,0.48103353,1.9182118,0
2.136253,0.47242599,1.9207808,0
2.137253,0.46382996,1.9233027,0
2.138253,0.45524595,1.9257776,0
2.139253,0.44667446,1.9282058,0
2.140253,0.43811602,1.9305873,0
2.141253,0.42957112,1.9329223,0
2.142253,0.42104026,1.9352109,0
2.143253,0.41252396,1.9374533,0
2.144253,0.40402269,1.9396497,0
2.145253,0.39553697,1.9418002,0
2.146253,0.38706727,1.943905,0
2.147253,0.37861409,1.9459642,0
2.148253,0.3701779,1.9479782,0
2.149253,0.36175919,1.9499469,0
2.150253,0.35335843,1.9518707,0
2.151253,0.34497608,1.9537497,0
2.152253,0.33661263,1.9555841,0
2.153253,0.32826853,1.9573741,0
2.154253,0.31994424,1.95912,0
2.155253,0.31164021,1.960822,0
2.156253,0.3033569,1.9624802,0
2.157253,0.29509476,1.9640949,0
2.158253,0.28685422,1.9656663,0
2.159253,0.27863573,1.9671947,0
2.160253,0.27043971,1.9686803,0
2.161253,0.26226661,1.9701233,0
2.162253,0.25411683,1.971524,0
2.163253,0.24599081,1.9728825,0
2.164253,0.23788895,1.9741993,0
2.165253,0.22981167,1.9754745,0
2.166253,0.22175937,1.9767084,0
2.167253,0.21373246,1.9779013,0
2.168253,0.20573133,1.9790534,0
2.169253,0.19775637,1.980165,0
2.170253,0.18980797,1.9812363,0
2.171253,0.18188651,1.9822677,0
2.172253,0.17399236,1.9832595,0
2.173253,0.1661259,1.9842119,0
2.174253,0.15828748,1.9851252,0
2.175253,0.15047748,1.9859997,0
2.176253,0.14269625,1.9868357,0
2.177253,0.13494413,1.9876335,0
2.178253,0.12722147,1.9883934,0
2.179253,0.11952861,1.9891158,0
2.180253,0.11186589,1.9898008,0
2.181253,0.10423362,1.9904489,0
2.182253,0.096632139,1.9910604,0
2.183253,0.089061756,1.9916355,0
2.184253,0.081522784,1.9921746,0
2.185253,0.074015529,1.9926781,0
2.186253,0.066540289,1.9931462,0
2.187253,0.05909736,1.9935792,0
2.188253,0.05168703,1.9939776,0
2.189253,0.044309581,1.9943416,0
2.190253,0.03696529,1.9946716,0
2.191253,0.029654427,1.9949679,0
2.192253,0.022377259,1.9952309,0
2.193253,0.015134043,1.9954608,0
2.194253,0.007925033,1.9956581,0
2.195253,0.000750477,1.9958231,0
2.196253,-0.006389384,1.9959562,0
2.197253,-0.013494316,1.9960576,0
2.198253,-0.020564089,1.9961278,0
2.199253,-0.027598479,1.9961671,0
2.200253,-0.03459727,1.9961758,0
2.201253,-0.041560251,1.9961544,0
2.202253,-0.048487216,1.9961031,0
2.203253,-0.055377967,1.9960224,0
2.204253,-0.062232311,1.9959125,0
2.205253,-0.069050062,1.995774,0
2.206253,-0.075831038,1.995607,0
2.207253,-0.082575066,1.9954121,0
2.208253,-0.089281979,1.9951895,0
2.209253,-0.095951613,1.9949397,0
2.210253,-0.10258381,1.9946629,0
2.211253,-0.10917843,1.9943597,0
2.212253,-0.11573532,1.9940302,0
2.213253,-0.12225435,1.993675,0
2.214253,-0.12873538,1.9932944,0
2.215253,-0.13517829,1.9928887,0
2.216253,-0.14158297,1.9924584,0
2.217253,-0.14794929,1.9920037,0
2.218253,-0.15427716,1.9915252,0
2.219253,-0.16056648,1.9910231,0
2.220253,-0.16681714,1.9904978,0
2.221253,-0.17302907,1.9899497,0
2.222253,-0.17920218,1.9893792,0
2.223253,-0.1853364,1.9887867,0
2.224253,-0.19143166,1.9881725,0
2.225253,-0.1974879,1.9875369,0
2.226253,-0.20350506,1.9868805,0
2.227253,-0.20948309,1.9862035,0
2.228253,-0.21542194,1.9855064,0
2.229253,-0.22132159,1.9847894,0
2.230253,-0.227182,1.984053,0
2.231253,-0.23300313,1.9832976,0
2.232253,-0.23878498,1.9825234,0
2.233253,-0.24452754,1.981731,0
2.234253,-0.25023078,1.9809206,0
2.235253,-0.25589472,1.9800926,0
2.236253,-0.26151936,1.9792475,0
2.237253,-0.26710471,1.9783854,0
2.238253,-0.27265079,1.977507,0
2.239253,-0.27815762,1.9766124,0
2.240253,-0.28362523,1.975702,0
2.241253,-0.28905366,1.9747763,0
2.242253,-0.29444294,1.9738356,0
2.243253,-0.29979314,1.9728802,0
2.244253,-0.30510429,1.9719105,0
2.245253,-0.31037646,1.9709268,0
2.246253,-0.31560972,1.9699296,0
2.247253,-0.32080413,1.9689191,0
2.248253,-0.32595978,1.9678958,0
2.249253,-0.33107674,1.9668599,0
2.250253,-0.33615511,1.9658118,0
2.251253,-0.34119498,1.9647519,0
2.252253,-0.34619646,1.9636805,0
2.253253,-0.35115964,1.962598,0
2.254253,-0.35608464,1.9615046,0
2.255253,-0.36097158,1.9604008,0
2.256253,-0.36582058,1.9592868,0
2.257253,-0.37063177,1.958163,0
2.258253,-0.37540528,1.9570298,0
2.259253,-0.38014127,1.9558874,0
2.260253,-0.38483986,1.9547362,0
2.261253,-0.38950122,1.9535765,0
2.262253,-0.3941255,1.9524086,0
2.263253,-0.39871286,1.9512329,0
2.264253,-0.40326348,1.9500496,0
2.265253,-0.40777752,1.9488591,0
2.266253,-0.41225517,1.9476617,0
2.267253,-0.4166966,1.9464577,0
2.268253,-0.42110201,1.9452474,0
2.269253,-0.4254716,1.9440311,0
2.270253,-0.42980556,1.9428091,0
2.271253,-0.4341041,1.9415816,0
2.272253,-0.43836744,1.9403491,0
2.273253,-0.44259578,1.9391117,0
2.274253,-0.44678934,1.9378698,0
2.275253,-0.45094837,1.9366236,0
2.276253,-0.45507307,1.9353734,0
2.277253,-0.45916371,1.9341196,0
2.278253,-0.4632205,1.9328622,0
2.279253,-0.46724371,1.9316018,0
2.280253,-0.47123358,1.9303384,0
2.281253,-0.47519037,1.9290723,0
2.282253,-0.47911434,1.9278039,0
2.283253,-0.48300576,1.9265333,0
2.284253,-0.4868649,1.9252609,0
2.285253,-0.49069203,1.9239868,0
2.286253,-0.49448744,1.9227113,0
2.287253,-0.49825141,1.9214347,0
2.288253,-0.50198423,1.9201571,0
2.289253,-0.5056862,1.9188788,0
2.290253,-0.50935762,1.9176,0
2.291253,-0.51299878,1.916321,0
2.292253,-0.51661001,1.9150419,0
2.293253,-0.52019161,1.913763,0
2.294253,-0.5237439,1.9124845,0
2.295253,-0.5272672,1.9112065,0
2.296253,-0.53076184,1.9099294,0
2.297253,-0.53422816,1.9086532,0
2.298253,-0.53766648,1.9073781,0
2.299253,-0.54107715,1.9061044,0
2.300253,-0.54446051,1.9048323,0
2.301253,-0.54781691,1.9035618,0
2.302253,-0.55114671,1.9022932,0
2.303253,-0.55445025,1.9010266,0
2.304253,-0.55772791,1.8997622,0
2.305253,-0.56098004,1.8985002,0
2.306253,-0.56420702,1.8972407,0
2.307253,-0.56740922,1.8959838,0
2.308253,-0.57058701,1.8947297,0
2.309253,-0.57374078,1.8934785,0
2.310253,-0.57687092,1.8922304,0
2.311253,-0.57997782,1.8909854,0
2.312253,-0.58306185,1.8897437,0
2.313253,-0.58612344,1.8885055,0
2.314253,-0.58916297,1.8872707,0
2.315253,-0.59218085,1.8860396,0
2.316253,-0.59517748,1.8848121,0
2.317253,-0.59815329,1.8835885,0
2.318253,-0.60110869,1.8823688,0
2.319253,-0.60404409,1.881153,0
2.320253,-0.60695993,1.8799413,0
2.321253,-0.60985662,1.8787337,0
2.322253,-0.6127346,1.8775302,0
2.323253,-0.6155943,1.876331,0
2.324253,-0.61843616,1.8751361,0
2.325253,-0.62126063,1.8739455,0
2.326253,-0.62406813,1.8727593,0
2.327253,-0.62685913,1.8715774,0
2.328253,-0.62963408,1.8704,0
2.329253,-0.63239342,1.8692271,0
2.330253,-0.63513762,1.8680585,0
2.331253,-0.63786714,1.8668945,0
2.332253,-0.64058244,1.8657349,0
2.333253,-0.64328398,1.8645798,0
2.334253,-0.64597225,1.8634292,0
2.335253,-0.64864771,1.862283,0
2.336253,-0.65131085,1.8611411,0
2.337253,-0.65396213,1.8600037,0
2.338253,-0.65660204,1.8588706,0
2.339253,-0.65923108,1.8577418,0
2.340253,-0.66184972,1.8566173,0
2.341253,-0.66445847,1.8554969,0
2.342253,-0.6670578,1.8543806,0
2.343253,-0.66964823,1.8532684,0
2.344253,-0.67223026,1.8521602,0
2.345253,-0.67480438,1.8510559,0
2.346253,-0.6773711,1.8499553,0
2.347253,-0.67993093,1.8488584,0
2.348253,-0.68248438,1.8477651,0
2.349253,-0.68503196,1.8466753,0
2.350253,-0.6875742,1.8455888,0
2.351253,-0.69011161,1.8445056,0
2.352253,-0.69264471,1.8434254,0
2.353253,-0.69517402,1.8423481,0
2.354253,-0.69770008,1.8412737,0
2.355253,-0.70022341,1.8402018,0
2.356253,-0.70274454,1.8391324,0
2.357253,-0.70526401,1.8380653,0
2.358253,-0.70778235,1.8370003,0
2.359253,-0.7103001,1.8359372,0
2.360253,-0.7128178,1.8348758,0
2.361253,-0.71533599,1.8338158,0
2.362253,-0.71785522,1.8327572,0
2.363253,-0.72037604,1.8316997,0
2.364253,-0.72289898,1.830643,0
2.365253,-0.72542462,1.8295868,0
2.366253,-0.72795348,1.8285311,0
2.367253,-0.73048614,1.8274754,0
2.368253,-0.73302315,1.8264195,0
2.369253,-0.73556507,1.8253632,0
2.370253,-0.73811245,1.8243062,0
2.371253,-0.74066585,1.8232482,0
2.372253,-0.74322586,1.8221888,0
2.373253,-0.74579301,1.8211279,0
2.374253,-0.7483679,1.820065,0
2.375253,-0.75095107,1.8189999,0
2.376253,-0.75354311,1.8179321,0
2.377253,-0.75614458,1.8168615,0
2.378253,-0.75875606,1.8157876,0
2.379253,-0.76137812,1.81471,0
2.380253,-0.76401134,1.8136285,0
2.381253,-0.76665629,1.8125425,0
2.382253,-0.76931355,1.8114518,0
2.383253,-0.77198371,1.810356,0
2.384253,-0.77466733,1.8092545,0
2.385253,-0.777365,1.8081471,0
2.386253,-0.78007731,1.8070333,0
2.387253,-0.78280484,1.8059127,0
2.388253,-0.78554816,1.8047848,0
2.389253,-0.78830787,1.8036491,0
2.390253,-0.79108455,1.8025053,0
2.391253,-0.79387879,1.8013528,0
2.392253,-0.79669118,1.8001912,0
2.393253,-0.79952229,1.7990199,0
2.394253,-0.80237272,1.7978385,0
2.395253,-0.80524305,1.7966465,0
2.396253,-0.80813388,1.7954434,0
2.397253,-0.8110458,1.7942285,0
2.398253,-0.81397938,1.7930014,0
2.399253,-0.81693522,1.7917615,0
2.400253,-0.81991392,1.7905083,0
2.401253,-0.82291605,1.7892412,0
2.402253,-0.8259422,1.7879597,0
2.403253,-0.82899298,1.786663,0
2.404253,-0.83206895,1.7853507,0
2.405253,-0.83517071,1.7840221,0
2.406253,-0.83829885,1.7826766,0
2.407253,-0.84145395,1.7813135,0
2.408253,-0.8446366,1.7799323,0
2.409253,-0.84784739,1.7785323,0
2.410253,-0.85108689,1.7771127,0
2.411253,-0.8543557,1.775673,0
2.412253,-0.85765439,1.7742125,0
2.413253,-0.86098354,1.7727304,0
2.414253,-0.86434374,1.7712261,0
2.415253,-0.86773557,1.7696988,0
2.416253,-0.87115959,1.7681478,0
2.417253,-0.87461638,1.7665725,0
2.418253,-0.87810653,1.7649719,0
2.419253,-0.8816306,1.7633454,0
2.420253,-0.88518915,1.7616923,0
2.421253,-0.88878277,1.7600116,0
2.422253,-0.89241201,1.7583027,0
2.423253,-0.89607744,1.7565648,0
2.424253,-0.89977961,1.7547969,0
2.425253,-0.9035191,1.7529984,0
2.426253,-0.90729644,1.7511684,0
2.427253,-0.91111221,1.7493059,0
2.428253,-0.91496694,1.7474103,0
2.429253,-0.91886118,1.7454805,0
2.430253,-0.92279548,1.7435158,0
2.431253,-0.92677037,1.7415152,0
2.432253,-0.93078641,1.7394779,0
2.433253,-0.93484411,1.7374029,0
2.434253,-0.938944,1.7352893,0
2.435253,-0.94308662,1.7331362,0
2.436253,-0.94727249,1.7309427,0
2.437253,-0.95150211,1.7287078,0
2.438253,-0.95577602,1.7264304,0
2.439253,-0.9600947,1.7241098,0
2.440253,-0.96445867,1.7217448,0
2.441253,-0.96886843,1.7193346,0
2.442253,-0.97332446,1.716878,0
2.443253,-0.97782726,1.7143741,0
2.444253,-0.98237731,1.7118218,0
2.445253,-0.98697509,1.7092201,0
2.446253,-0.99162106,1.706568,0
2.447253,-0.9963157,1.7038644,0
2.448253,-1.0010595,1.7011083,0
2.449253,-1.0058528,1.6982985,0
2.450253,-1.0106962,1.695434,0
2.451253,-1.01559,1.6925137,0
2.452253,-1.0205347,1.6895365,0
2.453253,-1.0255307,1.6865012,0
2.454253,-1.0305785,1.6834068,0
2.455253,-1.0356784,1.6802522,0
2.456253,-1.0408309,1.6770361,0
2.457253,-1.0460363,1.6737574,0
2.458253,-1.051295,1.670415,0
2.459253,-1.0566075,1.6670077,0
2.460253,-1.061974,1.6635343,0
2.461253,-1.0673949,1.6599936,0
2.462253,-1.0728707,1.6563845,0
2.463253,-1.0784016,1.6527057,0
2.464253,-1.0839879,1.648956,0
2.465253,-1.0896301,1.6451343,0
2.466253,-1.0953283,1.6412392,0
2.467253,-1.1010829,1.6372696,0
2.468253,-1.1068943,1.6332242,0
2.469253,-1.1127626,1.6291017,0
2.470253,-1.1186881,1.624901,0
2.471253,-1.1246712,1.6206207,0
2.472253,-1.130712,1.6162595,0
2.473253,-1.1368108,1.6118163,0
2.474253,-1.1429678,1.6072897,0
2.475253,-1.1491832,1.6026785,0
2.476253,-1.1554572,1.5979812,0
2.477253,-1.1617901,1.5931968,0
2.478253,-1.1681819,1.5883238,0
2.479253,-1.1746329,1.5833609,0
2.480253,-1.1811431,1.5783069,0
2.481253,-1.1877128,1.5731604,0
2.482253,-1.194342,1.5679202,0
2.483253,-1.2010309,1.5625848,0
2.484253,-1.2077794,1.5571529,0
2.485253,-1.2145878,1.5516233,0
2.486253,-1.2214561,1.5459947,0
2.487253,-1.2283842,1.5402656,0
2.488253,-1.2353723,1.5344347,0
2.489253,-1.2424204,1.5285008,0
2.490253,-1.2495284,1.5224625,0
2.491253,-1.2566963,1.5163184,0
2.492253,-1.2639242,1.5100672,0
2.493253,-1.2712118,1.5037076,0
2.494253,-1.2785593,1.4972383,0
2.495253,-1.2859664,1.4906578,0
2.496253,-1.2934331,1.483965,0
2.497253,-1.3009592,1.4771584,0
2.498253,-1.3085447,1.4702368,0
2.499253,-1.3161893,1.4631987,0
2.500253,-1.3238929,1.456043,0
2.501253,-1.3316552,1.4487682,0
2.502253,-1.3394761,1.4413731,0
2.503253,-1.3473554,1.4338564,0
2.504253,-1.3552927,1.4262167,0
2.505253,-1.3632878,1.4184528,0
2.506253,-1.3713403,1.4105634,0
2.507253,-1.3794501,1.4025472,0
2.508253,-1.3876167,1.3944029,0
2.509253,-1.3958398,1.3861293,0
2.510253,-1.404119,1.3777251,0
2.511253,-1.4124539,1.369189,0
2.512253,-1.4208441,1.3605199,0
2.513253,-1.4292891,1.3517164,0
2.514253,-1.4377885,1.3427775,0
2.515253,-1.4463418,1.3337018,0
2.516253,-1.4549484,1.3244883,0
2.517253,-1.4636079,1.3151356,0
2.518253,-1.4723198,1.3056427,0
2.519253,-1.4810833,1.2960083,0
2.520253,-1.4898979,1.2862315,0
2.521253,-1.4987631,1.2763109,0
2.522253,-1.5076781,1.2662456,0
2.523253,-1.5166423,1.2560345,0
2.524253,-1.525655,1.2456764,0
2.525253,-1.5347155,1.2351703,0
2.526253,-1.543823,1.2245152,0
2.527253,-1.5529768,1.2137101,0
2.528253,-1.5621761,1.2027539,0
2.529253,-1.5714201,1.1916458,0
2.530253,-1.580708,1.1803847,0
2.531253,-1.5900388,1.1689697,0
2.532253,-1.5994118,1.1573998,0
2.533253,-1.608826,1.1456743,0
2.534253,-1.6182805,1.1337923,0
2.535253,-1.6277743,1.1217529,0
2.536253,-1.6373064,1.1095552,0
2.537253,-1.646876,1.0971986,0
2.538253,-1.6564818,1.0846822,0
2.539253,-1.666123,1.0720054,0
2.540253,-1.6757984,1.0591674,0
2.541253,-1.6855069,1.0461675,0
2.542253,-1.6952474,1.0330051,0
2.543253,-1.7050187,1.0196795,0
2.544253,-1.7148198,1.0061903,0
2.545253,-1.7246494,0.99253677,0
2.546253,-1.7345063,0.97871846,0
2.547253,-1.7443893,0.96473487,0
2.548253,-1.7542971,0.95058554,0
2.549253,-1.7642284,0.93627004,0
2.550253,-1.774182,0.92178799,0
2.551253,-1.7841565,0.90713903,0
2.552253,-1.7941506,0.89232284,0
2.553253,-1.8041628,0.87733914,0
2.554253,-1.814192,0.86218768,0
2.555253,-1.8242365,0.84686826,0
2.556253,-1.834295,0.8313807,0
2.557253,-1.844366,0.81572487,0
2.558253,-1.8544482,0.79990068,0
2.559253,-1.8645399,0.78390808,0
2.560253,-1.8746397,0.76774705,0
2.561253,-1.8847461,0.75141761,0
2.562253,-1.8948574,0.73491985,0
2.563253,-1.9049723,0.71825386,0
2.564253,-1.915089,0.7014198,0
2.565253,-1.9252059,0.68441787,0
2.566253,-1.9353216,0.66724829,0
2.567253,-1.9454343,0.64991136,0
2.568253,-1.9555424,0.63240738,0
2.569253,-1.9656442,0.61473675,0
2.570253,-1.9757381,0.59689985,0
2.571253,-1.9858224,0.57889716,0
2.572253,-1.9958953,0.56072917,0
2.573253,-2.0059553,0.54239643,0
2.574253,-2.0160005,0.52389953,0
2.575253,-2.0260291,0.50523911,0
2.576253,-2.0360396,0.48641586,0
2.577253,-2.0460301,0.4674305,0
2.578253,-2.0559988,0.44828381,0
2.579253,-2.0659439,0.42897662,0
2.580253,-2.0758638,0.40950979,0
2.581253,-2.0857565,0.38988425,0
2.582253,-2.0956203,0.37010094,0
2.583253,-2.1054535,0.35016089,0
2.584253,-2.1152541,0.33006514,0
2.585253,-2.1250204,0.30981481,0
2.586253,-2.1347505,0.28941104,0
2.587253,-2.1444427,0.26885502,0
2.588253,-2.1540951,0.24814801,0
2.589253,-2.1637058,0.22729129,0
2.590253,-2.1732732,0.20628619,0
2.591253,-2.1827953,0.18513411,0
2.592253,-2.1922703,0.16383646,0
2.593253,-2.2016964,0.14239471,0
2.594253,-2.2110718,0.1208104,0
2.595253,-2.2203947,0.099085075,0
2.596253,-2.2296632,0.077220353,0
2.597253,-2.2388756,0.055217884,0
2.598253,-2.24803,0.033079367,0
2.599253,-2.2571248,0.010806541,0
2.600253,-2.266158,-0.011598808,0
2.601253,-2.2751279,-0.034134854,0
2.602253,-2.2840328,-0.056799728,0
2.603253,-2.2928708,-0.079591518,0
2.604253,-2.3016404,-0.10250827,0
2.605253,-2.3103396,-0.125548,0
2.606253,-2.3189669,-0.14870866,0
2.607253,-2.3275204,-0.17198819,0
2.608253,-2.3359986,-0.19538447,0
2.609253,-2.3443997,-0.21889535,0
2.610253,-2.3527221,-0.24251866,0
2.611253,-2.3609642,-0.26625215,0
2.612253,-2.3691242,-0.29009358,0
2.613253,-2.3772007,-0.31404065,0
2.614253,-2.3851921,-0.33809102,0
2.615253,-2.3930967,-0.36224235,0
2.616253,-2.4009131,-0.38649222,0
2.617253,-2.4086397,-0.41083821,0
2.618253,-2.416275,-0.43527787,0
2.619253,-2.4238176,-0.45980871,0
2.620253,-2.4312661,-0.4844282,0
2.621253,-2.4386189,-0.5091338,0
2.622253,-2.4458748,-0.53392294,0
2.623253,-2.4530322,-0.55879302,0
2.624253,-2.46009,-0.58374142,0
2.625253,-2.4670468,-0.60876547,0
2.626253,-2.4739014,-0.63386252,0
2.627253,-2.4806523,-0.65902986,0
2.628253,-2.4872986,-0.68426479,0
2.629253,-2.4938389,-0.70956456,0
2.630253,-2.500272,-0.73492641,0
2.631253,-2.506597,-0.76034759,0
2.632253,-2.5128126,-0.78582529,0
2.633253,-2.5189179,-0.81135671,0
2.634253,-2.5249118,-0.83693904,0
2.635253,-2.5307933,-0.86256943,0
2.636253,-2.5365614,-0.88824504,0
2.637253,-2.5422153,-0.91396302,0
2.638253,-2.5477541,-0.93972049,0
2.639253,-2.5531768,-0.96551459,0
2.640253,-2.5584828,-0.99134242,0
2.641253,-2.5636711,-1.0172011,0
2.642253,-2.5687412,-1.0430877,0
2.643253,-2.5736923,-1.0689994,0
2.644253,-2.5785237,-1.0949332,0
2.645253,-2.5832349,-1.1208863,0
2.646253,-2.5878252,-1.1468557,0
2.647253,-2.5922941,-1.1728386,0
2.648253,-2.5966411,-1.1988319,0
2.649253,-2.6008658,-1.2248329,0
2.650253,-2.6049677,-1.2508386,0
2.651253,-2.6089464,-1.2768461,0
2.652253,-2.6128016,-1.3028526,0
2.653253,-2.6165331,-1.3288551,0
2.654253,-2.6201405,-1.3548508,0
2.655253,-2.6236236,-1.3808369,0
2.656253,-2.6269822,-1.4068104,0
2.657253,-2.6302163,-1.4327685,0
2.658253,-2.6333257,-1.4587084,0
2.659253,-2.6363104,-1.4846273,0
2.660253,-2.6391703,-1.5105224,0
2.661253,-2.6419055,-1.5363908,0
2.662253,-2.644516,-1.5622299,0
2.663253,-2.647002,-1.5880368,0
2.664253,-2.6493635,-1.6138088,0
2.665253,-2.6516009,-1.6395433,0
2.666253,-2.6537142,-1.6652374,0
2.667253,-2.6557038,-1.6908886,0
2.668253,-2.65757,-1.7164941,0
2.669253,-2.6593131,-1.7420514,0
2.670253,-2.6609336,-1.7675578,0
2.671253,-2.6624317,-1.7930107,0
2.672253,-2.6638081,-1.8184076,0
2.673253,-2.6650631,-1.843746,0
2.674253,-2.6661974,-1.8690233,0
2.675253,-2.6672114,-1.894237,0
2.676253,-2.6681059,-1.9193847,0
2.677253,-2.6688814,-1.944464,0
2.678253,-2.6695387,-1.9694725,0
2.679253,-2.6700784,-1.9944078,0
2.680253,-2.6705013,-2.0192675,0
2.681253,-2.6708083,-2.0440494,0
2.682253,-2.671,-2.0687511,0
2.683253,-2.6710775,-2.0933705,0
2.684253,-2.6710415,-2.1179053,0
2.685253,-2.670893,-2.1423534,0
2.686253,-2.670633,-2.1667126,0
2.687253,-2.6702624,-2.1909807,0
2.688253,-2.6697822,-2.2151557,0
2.689253,-2.6691936,-2.2392356,0
2.690253,-2.6684975,-2.2632183,0
2.691253,-2.6676951,-2.287102,0
2.692253,-2.6667876,-2.3108845,0
2.693253,-2.665776,-2.3345641,0
2.694253,-2.6646616,-2.3581388,0
2.695253,-2.6634456,-2.3816068,0
2.696253,-2.6621293,-2.4049664,0
2.697253,-2.6607139,-2.4282157,0
2.698253,-2.6592007,-2.451353,0
2.699253,-2.657591,-2.4743767,0
2.700253,-2.6558862,-2.4972851,0
2.701253,-2.6540876,-2.5200766,0
2.702253,-2.6521966,-2.5427496,0
2.703253,-2.6502147,-2.5653025,0
2.704253,-2.6481433,-2.5877339,0
2.705253,-2.6459838,-2.6100423,0
2.706253,-2.6437376,-2.6322262,0
2.707253,-2.6414064,-2.6542843,0
2.708253,-2.6389915,-2.6762152,0
2.709253,-2.6364945,-2.6980176,0
2.710253,-2.633917,-2.7196901,0
2.711253,-2.6312605,-2.7412316,0
2.712253,-2.6285266,-2.7626408,0
2.713253,-2.6257169,-2.7839165,0
2.714253,-2.6228329,-2.8050577,0
2.715253,-2.6198764,-2.8260631,0
2.716253,-2.6168489,-2.8469318,0
2.717253,-2.613752,-2.8676627,0
2.718253,-2.6105875,-2.8882547,0
2.719253,-2.6073569,-2.908707,0
2.720253,-2.604062,-2.9290185,0
2.721253,-2.6007045,-2.9491884,0
2.722253,-2.5972859,-2.9692158,0
2.723253,-2.5938082,-2.9890999,0
2.724253,-2.5902728,-3.0088399,0
2.725253,-2.5866816,-3.028435,0
2.726253,-2.5830364,-3.0478845,0
2.727253,-2.5793387,-3.0671877,0
2.728253,-2.5755903,-3.0863439,0
2.729253,-2.5717931,-3.1053524,0
2.730253,-2.5679486,-3.1242127,0
2.731253,-2.5640588,-3.1429241,0
2.732253,-2.5601252,-3.1614862,0
2.733253,-2.5561498,-3.1798983,0
2.734253,-2.5521341,-3.1981601,0
2.735253,-2.54808,-3.216271,0
2.736253,-2.5439892,-3.2342306,0
2.737253,-2.5398636,-3.2520385,0
2.738253,-2.5357047,-3.2696943,0
2.739253,-2.5315144,-3.2871977,0
2.740253,-2.5272945,-3.3045484,0
2.741253,-2.5230467,-3.3217459,0
2.742253,-2.5187727,-3.3387902,0
2.743253,-2.5144743,-3.3556808,0
2.744253,-2.5101531,-3.3724176,0
2.745253,-2.5058111,-3.3890003,0
2.746253,-2.5014498,-3.4054289,0
2.747253,-2.4970711,-3.4217031,0
2.748253,-2.4926766,-3.4378228,0
2.749253,-2.488268,-3.4537879,0
2.750253,-2.4838471,-3.4695982,0
2.751253,-2.4794156,-3.4852538,0
2.752253,-2.4749752,-3.5007546,0
2.753253,-2.4705275,-3.5161005,0
2.754253,-2.4660743,-3.5312915,0
2.755253,-2.4616172,-3.5463276,0
2.756253,-2.4571578,-3.561209,0
2.757253,-2.452698,-3.5759355,0
2.758253,-2.4482392,-3.5905073,0
2.759253,-2.4437831,-3.6049244,0
2.760253,-2.4393315,-3.6191869,0
2.761253,-2.4348858,-3.633295,0
2.762253,-2.4304477,-3.6472488,0
2.763253,-2.4260188,-3.6610483,0
2.764253,-2.4216008,-3.6746939,0
2.765253,-2.4171951,-3.6881855,0
2.766253,-2.4128033,-3.7015235,0
2.767253,-2.408427,-3.714708,0
2.768253,-2.4040678,-3.7277392,0
2.769253,-2.3997271,-3.7406174,0
2.770253,-2.3954066,-3.7533427,0
2.771253,-2.3911076,-3.7659154,0
2.772253,-2.3868318,-3.7783358,0
2.773253,-2.3825805,-3.7906042,0
2.774253,-2.3783553,-3.8027207,0
2.775253,-2.3741576,-3.8146857,0
2.776253,-2.3699888,-3.8264996,0
2.777253,-2.3658505,-3.8381625,0
2.778253,-2.3617439,-3.8496748,0
2.779253,-2.3576705,-3.8610368,0
2.780253,-2.3536317,-3.8722489,0
2.781253,-2.3496289,-3.8833113,0
2.782253,-2.3456634,-3.8942245,0
2.783253,-2.3417366,-3.9049887,0
2.784253,-2.3378497,-3.9156043,0
2.785253,-2.3340042,-3.9260717,0
2.786253,-2.3302013,-3.9363912,0
2.787253,-2.3264423,-3.9465632,0
2.788253,-2.3227285,-3.9565881,0
2.789253,-2.3190611,-3.9664663,0
2.790253,-2.3154414,-3.9761981,0
2.791253,-2.3118705,-3.9857839,0
2.792253,-2.3083498,-3.995224,0
2.793253,-2.3048804,-4.004519,0
2.794253,-2.3014635,-4.0136692,0
2.795253,-2.2981002,-4.0226749,0
2.796253,-2.2947918,-4.0315366,0
2.797253,-2.2915392,-4.0402547,0
2.798253,-2.2883437,-4.0488295,0
2.799253,-2.2852064,-4.0572615,0
2.800253,-2.2821283,-4.0655511,0
2.801253,-2.2791105,-4.0736987,0
2.802253,-2.2761541,-4.0817046,0
2.803253,-2.2732601,-4.0895693,0
2.804253,-2.2704295,-4.0972932,0
2.805253,-2.2676634,-4.1048766,0
2.806253,-2.2649627,-4.1123201,0
2.807253,-2.2623284,-4.1196239,0
2.808253,-2.2597615,-4.1267885,0
2.809253,-2.2572628,-4.1338143,0
2.810253,-2.2548335,-4.1407016,0
2.811253,-2.2524742,-4.147451,0
2.812253,-2.250186,-4.1540626,0
2.813253,-2.2479698,-4.1605371,0
2.814253,-2.2458264,-4.1668746,0
2.815253,-2.2437566,-4.1730757,0
2.816253,-2.2417612,-4.1791407,0
2.817253,-2.2398412,-4.1850699,0
2.818253,-2.2379973,-4.1908638,0
2.819253,-2.2362303,-4.1965228,0
2.820253,-2.2345409,-4.2020471,0
2.821253,-2.23293,-4.2074372,0
2.822253,-2.2313982,-4.2126935,0
2.823253,-2.2299463,-4.2178162,0
2.824253,-2.228575,-4.2228058,0
2.825253,-2.2272849,-4.2276625,0
2.826253,-2.2260769,-4.2323868,0
2.827253,-2.2249514,-4.236979,0
2.828253,-2.2239093,-4.2414393,0
2.829253,-2.222951,-4.2457683,0
2.830253,-2.2220773,-4.2499661,0
2.831253,-2.2212887,-4.2540331,0
2.832253,-2.2205858,-4.2579696,0
2.833253,-2.2199691,-4.2617759,0
2.834253,-2.2194394,-4.2654524,0
2.835253,-2.218997,-4.2689993,0
2.836253,-2.2186425,-4.272417,0
2.837253,-2.2183764,-4.2757057,0
2.838253,-2.2181992,-4.2788657,0
2.839253,-2.2181115,-4.2818973,0
2.840253,-2.2181136,-4.2848008,0
2.841253,-2.218206,-4.2875765,0
2.842253,-2.2183892,-4.2902246,0
2.843253,-2.2186635,-4.2927453,0
2.844253,-2.2190294,-4.295139,0
2.845253,-2.2194874,-4.2974059,0
2.846253,-2.2200376,-4.2995461,0
2.847253,-2.2206806,-4.3015601,0
2.848253,-2.2214167,-4.3034479,0
2.849253,-2.2222462,-4.3052099,0
2.850253,-2.2231694,-4.3068462,0
2.851253,-2.2241867,-4.308357,0
2.852253,-2.2252982,-4.3097426,0
2.853253,-2.2265045,-4.3110032,0
2.854253,-2.2278056,-4.312139,0
2.855253,-2.2292018,-4.3131501,0
2.856253,-2.2306934,-4.3140367,0
2.857253,-2.2322806,-4.314799,0
2.858253,-2.2339636,-4.3154372,0
2.859253,-2.2357426,-4.3159515,0
2.860253,-2.2376178,-4.316342,0
2.861253,-2.2395894,-4.3166089,0
2.862253,-2.2416575,-4.3167523,0
2.863253,-2.2438223,-4.3167724,0
2.864253,-2.2460838,-4.3166692,0
2.865253,-2.2484423,-4.316443,0
2.866253,-2.2508977,-4.3160939,0
2.867253,-2.2534503,-4.3156219,0
2.868253,-2.2561,-4.3150273,0
2.869253,-2.258847,-4.31431,0
2.870253,-2.2616913,-4.3134703,0
2.871253,-2.2646329,-4.3125082,0
2.872253,-2.2676719,-4.3114238,0
2.873253,-2.2708082,-4.3102171,0
2.874253,-2.2740419,-4.3088884,0
2.875253,-2.2773729,-4.3074376,0
2.876253,-2.2808013,-4.3058648,0
2.877253,-2.284327,-4.3041701,0
2.878253,-2.2879499,-4.3023535,0
2.879253,-2.2916699,-4.3004152,0
2.880253,-2.2954871,-4.2983551,0
2.881253,-2.2994013,-4.2961733,0
2.882253,-2.3034124,-4.2938698,0
2.883253,-2.3075202,-4.2914447,0
2.884253,-2.3117248,-4.288898,0
2.885253,-2.3160259,-4.2862297,0
2.886253,-2.3204233,-4.2834399,0
2.887253,-2.324917,-4.2805285,0
2.888253,-2.3295067,-4.2774956,0
2.889253,-2.3341922,-4.2743412,0
2.890253,-2.3389735,-4.2710653,0
2.891253,-2.3438501,-4.2676678,0
2.892253,-2.348822,-4.2641488,0
2.893253,-2.3538889,-4.2605083,0
2.894253,-2.3590505,-4.2567462,0
2.895253,-2.3643067,-4.2528625,0
2.896253,-2.369657,-4.2488572,0
2.897253,-2.3751013,-4.2447303,0
2.898253,-2.3806392,-4.2404817,0
2.899253,-2.3862705,-4.2361114,0
2.900253,-2.3919948,-4.2316194,0
2.901253,-2.3978118,-4.2270056,0
2.902253,-2.4037212,-4.2222699,0
2.903253,-2.4097225,-4.2174124,0
2.904253,-2.4158156,-4.2124329,0
2.905253,-2.4219999,-4.2073315,0
2.906253,-2.4282751,-4.202108,0
2.907253,-2.4346409,-4.1967623,0
2.908253,-2.4410967,-4.1912945,0
2.909253,-2.4476423,-4.1857044,0
2.910253,-2.4542771,-4.179992,0
2.911253,-2.4610007,-4.1741572,0
2.912253,-2.4678127,-4.1681998,0
2.913253,-2.4747126,-4.16212,0
2.914253,-2.4817,-4.1559174,0
2.915253,-2.4887743,-4.1495921,0
2.916253,-2.4959351,-4.143144,0
2.917253,-2.5031819,-4.136573,0
2.918253,-2.5105141,-4.1298789,0
2.919253,-2.5179313,-4.1230618,0
2.920253,-2.5254329,-4.1161214,0
2.921253,-2.5330183,-4.1090577,0
2.922253,-2.5406871,-4.1018706,0
2.923253,-2.5484386,-4.09456,0
2.924253,-2.5562722,-4.0871257,0
2.925253,-2.5641875,-4.0795678,0
2.926253,-2.5721837,-4.071886,0
2.927253,-2.5802604,-4.0640802,0
2.928253,-2.5884168,-4.0561504,0
2.929253,-2.5966523,-4.0480964,0
2.930253,-2.6049663,-4.0399182,0
2.931253,-2.6133582,-4.0316155,0
2.932253,-2.6218274,-4.0231883,0
2.933253,-2.630373,-4.0146365,0
2.934253,-2.6389945,-4.0059599,0
2.935253,-2.6476912,-3.9971585,0
2.936253,-2.6564624,-3.9882321,0
2.937253,-2.6653074,-3.9791806,0
2.938253,-2.6742255,-3.9700039,0
2.939253,-2.6832159,-3.9607018,0
2.940253,-2.6922779,-3.9512743,0
2.941253,-2.7014108,-3.9417212,0
2.942253,-2.7106138,-3.9320425,0
2.943253,-2.7198862,-3.9222379,0
2.944253,-2.7292272,-3.9123073,0
2.945253,-2.738636,-3.9022508,0
2.946253,-2.7481118,-3.892068,0
2.947253,-2.7576539,-3.881759,0
2.948253,-2.7672614,-3.8713236,0
2.949253,-2.7769335,-3.8607616,0
2.950253,-2.7866694,-3.850073,0
2.951253,-2.7964682,-3.8392577,0
2.952253,-2.8063292,-3.8283156,0
2.953253,-2.8162514,-3.8172464,0
2.954253,-2.826234,-3.8060502,0
2.955253,-2.8362762,-3.7947268,0
2.956253,-2.846377,-3.7832761,0
2.957253,-2.8565355,-3.771698,0
2.958253,-2.866751,-3.7599924,0
2.959253,-2.8770225,-3.7481592,0
2.960253,-2.887349,-3.7361983,0
2.961253,-2.8977296,-3.7241095,0
2.962253,-2.9081635,-3.7118929,0
2.963253,-2.9186497,-3.6995483,0
2.964253,-2.9291872,-3.6870756,0
2.965253,-2.9397751,-3.6744747,0
2.966253,-2.9504125,-3.6617456,0
2.967253,-2.9610983,-3.6488881,0
2.968253,-2.9718316,-3.6359022,0
2.969253,-2.9826114,-3.6227877,0
2.970253,-2.9934368,-3.6095447,0
2.971253,-3.0043067,-3.5961731,0
2.972253,-3.01522,-3.5826727,0
2.973253,-3.0261759,-3.5690434,0
2.974253,-3.0371733,-3.5552854,0
2.975253,-3.0482111,-3.5413984,0
2.976253,-3.0592883,-3.5273824,0
2.977253,-3.0704039,-3.5132374,0
2.978253,-3.0815569,-3.4989634,0
2.979253,-3.0927461,-3.4845602,0
2.980253,-3.1039705,-3.4700278,0
2.981253,-3.115229,-3.4553662,0
2.982253,-3.1265206,-3.4405753,0
2.983253,-3.1378442,-3.4256552,0
2.984253,-3.1491986,-3.4106058,0
2.985253,-3.1605828,-3.3954271,0
2.986253,-3.1719957,-3.380119,0
2.987253,-3.1834362,-3.3646815,0
2.988253,-3.1949031,-3.3491147,0
2.989253,-3.2063953,-3.3334185,0
2.990253,-3.2179117,-3.3175929,0
2.991253,-3.2294511,-3.301638,0
2.992253,-3.2410125,-3.2855537,0
2.993253,-3.2525946,-3.2693401,0
2.994253,-3.2641963,-3.2529971,0
2.995253,-3.2758164,-3.2365249,0
2.996253,-3.2874538,-3.2199234,0
2.997253,-3.2991073,-3.2031926,0
2.998253,-3.3107757,-3.1863327,0
2.999253,-3.3224579,-3.1693436,0
3,-3.3307527,-3.1559042,0
